Source,User Quote,Situation,Problem,What They Remember,What They Don't Remember,Current Workaround,Frequency,Severity
Review,"My inventory/boosters decreased significantly for no reason which took me months to build e.g., watching a plethora of Ads, winning Team levels, winning races, etc. So this unexpected change in my inventory/boosters that decreases various boosters is frustrating & disappointing. This has happened occasionally in the past—how is the issue remedied presently?",,,,,,,
Review,"Anyone else annoyed at how the game seems to just take over at some point ? I want to make matches but the game keeps giving me these “boosters” and they keep making the matches for me! I can’t avoid them! I want to play the game myself, NOT watch the game just carry on making matches for me. Ugh, so frustrating and annoying! And what happened to the candy noises when you make a match? They used to have this really satisfying sound but not anymore. Oh well.",,,,,,,
Review,"My inventory/boosters decreased significantly for no reason which took me months to build e.g., watching a plethora of Ads, winning Team levels, winning races, etc. So this unexpected change in my inventory/boosters that decreases various boosters is frustrating & disappointing. This has happened occasionally in the past—how is the issue remedied presently?",,,,,,,
Review,"Anyone else annoyed at how the game seems to just take over at some point ? I want to make matches but the game keeps giving me these “boosters” and they keep making the matches for me! I can’t avoid them! I want to play the game myself, NOT watch the game just carry on making matches for me. Ugh, so frustrating and annoying! And what happened to the candy noises when you make a match? They used to have this really satisfying sound but not anymore. Oh well.",,,,,,,
Review,"My inventory/boosters decreased significantly for no reason which took me months to build e.g., watching a plethora of Ads, winning Team levels, winning races, etc. So this unexpected change in my inventory/boosters that decreases various boosters is frustrating & disappointing. This has happened occasionally in the past—how is the issue remedied presently?",,,,,,,
Review,"Anyone else annoyed at how the game seems to just take over at some point ? I want to make matches but the game keeps giving me these “boosters” and they keep making the matches for me! I can’t avoid them! I want to play the game myself, NOT watch the game just carry on making matches for me. Ugh, so frustrating and annoying! And what happened to the candy noises when you make a match? They used to have this really satisfying sound but not anymore. Oh well.",,,,,,,
Review,So cool and I love how the teams have cool names and the levels make me be strategic and happy,,,,,,,
Review,"Game is overall good , downloaded thinking it was about challenging your brain and patience to bad is more like if you don’t buy or expend money you’ll never make it through levels , very understandable is all about business and  is awful and very disappointing one star is enough . BAD GAME 🫡",,,,,,,
Review,"Cite, emoji movie",,,,,,,
Review,Love it,,,,,,,
Review,Daily Treat Machine needs to add the Start button and Booster Wheel needs to start at 12:00AM midnight and fix all bugs and repair all to set them to 12:00AM midnight IMMEDIATELY!!,,,,,,,
Review,have been playing candy crush for years and recently noticed it was looking a bit ai sloppy. A quick Reddit check confirmed they have laid off real employees and are implementing ai now. Will not support that. Goodbye candy crush. If you ever find your moral compass again I’ll be back.,,,,,,,
Review,"I’ve had this game for over a decade. My pet peeve is sometimes I have to set my phone down for real life responsibilities, but it closes out my round. Another game that I play picks up right where I left off. I wish this one would do the same thing. When it closes out in the middle of my game and I lose the progress and it starts me over on a streak, I literally don’t play for months because it makes me so frustrated.",,,,,,,
Review,Left for a while and redownloaded the game only to find that the graphics are terrible. Reminds me of playing on a Commodore 64. Whoever decided this was a good idea should be fired.,,,,,,,
Review,This is the best game it get me thinking,,,,,,,
Review,"They removed the original music, story, characters, original sounds, everything that made the game fun and unique.",,,,,,,
Review,"Returning after a LONG absence 
Same, NO❣️ More enjoyable than ever before.
You all are still Crushing it🥳

Thank you for the upgrades and the bug fixes. I feel a BIG improvement while playing now and move easier in levels except those pesky very hard ones HaHa 😬

Thanks for nicer competitive play 

Loads of patterns and possibilities. Great extra side games

Hopefully this rating will post
Constantly asked, I post never see nor get prize for rating

I enjoy but hate it when I get unlimited lives then I'm hit a road block and my accumulated hours are wasted waiting for others to help me with pass

All in all this game needs to figure out how to apply what other games have as perks 

I never buy anything 
I learned my lesson during the AOL age of time.  

So I treat these games like 
""Oh well, I just ran out of quarters"" 

I borrow from a friend or wait until I am replenished by game

Can u imagine ....
if you had a jar and put in .25¢ for each game 
Then when all died off, you put in another .25¢ which  you replenished from life gifts.

We all would be rich!!!!

We might be able to curb the game addiction 
Easier to get addicted to these games as they do not have a ""Deposit Coin Slot""

We didn't have credit cards in the arcade era
I find the trick is play with the mentality of the 80's arcade
Boy I bet parents today WISH all they had to do was hand off a $10. roll of quarters
Lol joke is on them parents now.... Looking back we were cheap in comparison to nowadays 
😂😂😂
I further bet they wish those arcades were back
At least we actually, physically interacted with humans not only machines 
From asking for our pay""allowance"", getting to a place with a game
Of course finding the right one we wanted to play, finding that second player, and learning to ask for change - era before change MACHINES 
When people worked with machines; now who have been replaced by machines and are obsolete 

2001 space odyssey ??
🤔🤔🤔🤔
Enjoy those FREE games now",,,,,,,
Review,I won an episode even paid cash to continue on to be able to win the episode and I never received gold bars going on 3 days. Then I report the issue I got a response that it was a known issue and I still don’t have my gold bars….,,,,,,,
Review,Great game,,,,,,,
Review,"The harder levels are literally designed to be impossible unless you have a lot of boosters or gold, which if you run out, you’ll have to spend money to get more. This game is a cash grab and a waste of time.",,,,,,,
Review,"I was double charged 5.97 . I called Apple and they confirmed it and requested a refund and also left Candy Crush a email review about this. I would like to be compensated the exact same amount of bonus rewards that I paid for along with my refund for this fraudulent transaction and inconvenience. I’m on level 17,206 so I’ve been playing a long time and spent a pretty nickel with the game. I expect this compensation asap. Thanks in advance Sincerely, angry customer.",,,,,,,
Review,This Game is Very Relaxing and I get Very Chilled Out Playing this Game and It helps me to Pass the Time Quickly,,,,,,,
Review,It’s unlikely to give special move to win fast fast cooked trip n trucks.,,,,,,,
Review,Bad,,,,,,,
Review,My Favorite GAME 👏🏻🥰CANDY CRUSH 👍😁,,,,,,,
Review,"I have been playing for 14 years, since it came out. The recent changes are maddening!! So you're, now, taking away gold bars from race wins, receiving no more than 4 extra moves, no more UFO boosters with said extra moves, rewards are almost nonexistent anymore AND ads are longer than ever!!?? I have played the same Legendary for 3 days, no way to win w/o help!! This has always been my go to time passer!! Not anymore!! If you've lost me, I'm sure you've lost a lot more that have put so much time and effort into your game!! Unless you change it back, I would not recommend this game to anyone!!",,,,,,,
Review,"this gets boring fast unless your grinding, all the ads are really annoying.",,,,,,,
Review,For me level 128 is a little too hard,,,,,,,
Review,Game froze after update and you can’t get past where I want you to play the race. Could you please fix it? I’m in between games 2195 and 2210.,,,,,,,
Review,"everytime im in the tournament to win GOLD bars, even if i dont close the game it gets restarted some way. If i dont join the tournament, the progress is there even if i go back to another game without closing the application on background. Funny",,,,,,,
Review,"After the upgrade, I purchased a party blaster & UFO launcher and used (well, tried to) them a couple of times but not one  worked. Buyer beware! Can’t find a way to reach out to support, and don’t expect to get my money back anyway, but just know this game is broken and you won’t get what you paid for",,,,,,,
Review,Junk and only want to piss you off to buy more! DONT! It’s a joke. I’d give em -0 stars if I could after many years!,,,,,,,
Review,"Dear King I urge you to please bring crash on the run back even though that I,m supposed to make a review about Candy crush shack, which I used to have, but if you could possibly please bring it back maybe talk to Activision and maybe you can bring it back please and thank you",,,,,,,
Review,👍🏼,,,,,,,
Review,The Candy Royale game pop up is annoying. Doesn’t give you an option to not participate in it,,,,,,,
Review,"I’ve played this game for years since it came out, here recently I did something idiotic and put money into the game. When that happens, the account is viewed as an account who will or has spent money. So any “free” or “ad” based rewards or extra lives will never reappear after buying into the game. It’s ridiculously predatory. So if you got stuck, spent cash, you will forever stay stuck on a level — play the game, don’t fall into the money pit !",,,,,,,
Review,All lm gonna say is that yes no WIFI on ads and give this game a chance to speak and give them a good review and 5 stars!!!,,,,,,,
Review,"Yea the game is like 17 years old I remember when it just came about, I’m disappointed how the game has changed so much, people only play the OG candy crush for nostalgia, even the iconic music when it first came about is gone, it’s more over stimulating now, they should have left the game exactly how it was aesthetic wise.",,,,,,,
Review,Just an ad pusher,,,,,,,
Review,N,,,,,,,
Review,I love this app,,,,,,,
Review,"Cramped, sea sickness scrolling a generic BORING map with awful new music. All the original music is gone!!!! 😡 it was perfect for the last what? 14 years? I had fond memories of playing maternity leave when my oldest was born. This is a tragedy. Absolutely criminal. I opened the game to enjoy old times and it isnt candy crush anymore. Completely bastardized. The old map was perfect. This entire new format is horrid. I cannot play this anymore. Good bye 😔",,,,,,,
Review,Tôi muốn Super Sugar Crush để thấy thêm một thứ mới lạ.,,,,,,,
Review,"I really really enjoy this game. HOWEVER: Since I'm struggling to find out how to contact the Candy Crush team, I shall do so here. I think it's insane that I can log into my account, pick up at the level I was at, but lose everything else. I just got a new phone for the first time in years and, for whatever reason, my plethora of boosters/items and lives sent from friends are GONE. That makes no sense. It's the same account but ""boosters aren't transferrable""??? ""It's recommended you use it on the other device"" blah blah blah. WHY??? I earned them and held on to them for a reason. I used my gold bars to pay for some of them. I'm honestly pretty livid that when I finally have the storage space to add this game back to my phone, I only get to come back to my level and none of my other progresses. What's the point? It's the most ridiculous restriction I've ever seen. Gimme my stuff.",,,,,,,
Review,Music Hi 👋 doing 📺tv🛋️Elianna I love you 🫶💙😘,,,,,,,
Review,"I haven’t played this game in such a long time (in years), and I truly miss the old theme song and sound effects, but seeing the game gives me satisfaction, true nostalgia after nearly 5 years.",,,,,,,
Review,I’m loving this game,,,,,,,
Review,"They constantly take back paid boosters till you call them out. So if you use your boosters right away they disappear, so fast if have to screen shot them as proof. They make it difficult to get them back. Very sad all the money they make and then feel the need to steal from faithful users",,,,,,,
Review,"I hate your ads. It always locks up whatever game I’m playing, freezes it, and cancels the rewards in those games half the time. Your ads ALWAYS opens up my browser, and the App Store, as if forcing me to download this game again. No!
I did have a good time with this game in the past, but I just got tired of it and moved on. So stop forcing people with your annoying ads.",,,,,,,
Review,"I’ve been playing this game for years and have really enjoyed it. However, recent changes have made it extremely annoying. 

New background visuals that you are unable to turn off, interfere with play. When you lose a game, you end up getting an incredibly disgusting yeti eyeball situation or other features saying Bravo (or whatever) when you didn’t even WIN! 

It’s no longer a relaxing puzzle escape as advertised",,,,,,,
Review,"Man, how I love this game. The entire summer I have been  utterly HOOKED. I spend too much on lives… it’s almost like a gambling addiction. The flashing lights, the vibrations, the deep voice and now NOT SHANIA!! I only wish that if we buy lives and they give us extra, that it would roll over. I also don’t like that sometimes things you buy don’t show up immediately. I love the game, so whataya gonna do?!",,,,,,,
Review,"So many ads are several clicks to get rid of them.  They are annoying!  I don’t need financial services, don’t need toys or new apps.  99% not relevant!",,,,,,,
Review,Verygood,,,,,,,
Review,Yall have to get this it is soooo fun ad free you can have a group of friends you can have cute icons and it is satisfying when you are about to finish the game everything explodes so cool I love this game so MUCH get this game definitely 5 stars ⭐️,,,,,,,
Review,Took all coins when I accidentally swiped on something to buy. Didn’t give a choice to make sure I wanted the item.,,,,,,,
Review,"I have noticed the great amount of differences since I have left and returned. It used to be that passing 10 was a big challenge. Now, the game allows the player to enjoy the game and just be apart of it. Plus, the music is great and there are a lot more activities. For the love of the game, huh",,,,,,,
Review,"this game is the most relaxing game i have ever played but  can we have less adds? EVERYTHING
 is good except all the adds",,,,,,,
Review,Sometime this game really cheat,,,,,,,
Review,Play,,,,,,,
Review,i can’t even play the game properly without pop ups for the game showing up everytime,,,,,,,
Review,The bird ad keeps crashing the candy crush app.,,,,,,,
Review,I play this when I’m in a total relaxed state.,,,,,,,
Review,i do not play it anymore but years ago with my dad we played this game non-stop. This game is really great i hope it is today thanks for creating some really nice memories. Thanks!,,,,,,,
Review,"The “Caramel cup” is a bridge too far. Expecting people to win 3 episode races without winning a single gold bar is a bridge to far. My reward for making it to level 10,000 and winning 30+ episode races in a row is, surprise, no gold bars, no rewards for winning.
How greedy will you get. Not to mention some people can watch videos to earn, and stockpile gold, while I have never once been given an opportunity to watch videos for gold, or lives. It’s win, or pay, and if you don’t pay, you can’t win. Thank you caramel cup for ruining candy crush.
I’ve had enough.",,,,,,,
Review,I love candy crush saga it is fun relaxing and the best,,,,,,,
Review,Omg PLZ take Shania off. I am not trying to listen to a love song at all while playing a game. Even more so when it’s on REPEAT!,,,,,,,
Review,"Every single week there’s an update that makes it harder and harder to get gold. They just want players to spend real money on gold bars, as if these people don’t have enough money. Absolutely ridiculous.",,,,,,,
Review,Its a good game,,,,,,,
Review,"I have noticed that when you get close to winning an episode, the algorithm switches up on you. A move that would typically clear quite a bit of objects, suddenly falls flat. Then you notice that it keeps happening until you’ve lost all of your lives and then you’re stuck for a very long time unless you buy! I can’t count how many times I’ve gotten stuck at the last game in an episode just to watch someone else win who was several levels back! My guess is that they paid to win! That’s pay to play and it sucks!",,,,,,,
Review,Very fun,,,,,,,
Review,I love this game so cute,,,,,,,
Review,Super Fun and Engaging!,,,,,,,
Review,"I deleted your game for a reason stop making your ads go to my browser, then to the App Store to redownload your dumb game when I try to exit the ad! I don’t want it! Literally giving yourself a bad review because of your annoying ads on top of an annoying game!!",,,,,,,
Review,The best game of all time.,,,,,,,
Review,AI ADS absolutely ridiculous ai is ruining our planet get a grip,,,,,,,
Review,"I’ve been playing this game for a long time. The pop-up are minimum
7-10 clicks before I can even play the dang game. Like come on we’re sold to enough, have enough noise and now I have to click through all these little pop-up windows just to play is frustrating",,,,,,,
Review,Why do you always lock it so you loose all your. Why does this happen all the time if you don’t want us to play just take it off unlock my game please it’s not worth it anymore locks up everytime,,,,,,,
Review,this is a good game,,,,,,,
Review,"Been playing till level 15,035 but is really annoying when you use the special rewards they’re supposed to help you and not screw you when you’re almost done and winning the level 😒 I'm done playing this, it was fun but it gets frustrating when this things happens..",,,,,,,
Review,"The game is fun up to a point. Sooo many ads! And recently the ads are glitchy- you can’t get out of them unless you completely close the game and restart. Candy Crush’s solution to use your phone’s back button doesn’t work as you can’t access the back button from the ad. They also suggest to report a faulty ad, but how?? There is no way to do so",,,,,,,
Review,If I get one more ad in any other app for candy crush I swear I’ll build a bot to ruin the reviews.,,,,,,,
Review,I love it 😌💕,,,,,,,
Review,🤩🤩,,,,,,,
Review,deleted the game after finding out you are okay with destroying the planet with your use of AI slop.,,,,,,,
Review,"I regret this new update and I realize 
the difference.
I have been playing for DECADES and I miss several items the original pieces had before.

SEPTEMBER 2026
Not all levels have the same candy sizes it’s smaller and it HURTS MY EYES TRILLIONS 👎

I just noticed that I DID NOT SEE THE PERMISSION TO HAVE PREFERENCES OF ALLOWING AND NOT ALLOWING APP TO TRACK YOU!

I DO NOT AGREE TO LET THIS APP TRACK ME!

The rewards no longer showed what you earned a lot of changes occurred during the DECADES I AM PLAYING THIS GAME AND I NOTICED SOME GREAT CHANGES BUT LATELY THIS IS THE UTMOST WORST BOOSTERS AREN’T WHAT THEY USED TO BE!

ADS
Just now it showed watch AD and get 3 lives yeah right I GOT ONLY 1 definitely ENTRAPMENT! SHADY DEVELOPMENT! AKA BAIT AND SWITCH!",,,,,,,
Review,"Prizes keep getting smaller, levels keep getting more impossible, with everything designed to encourage you to spend money, of course.",,,,,,,
Review,I actually see very little new stuff in the game. Yes the Music event is new and I don’t remember the races from eons ago but it is just as hard to win as it was at the beginning unless one has money to burn.  So unfair.,,,,,,,
Review,Hate the new update. I don’t like the spinning wheel in the “don’t lose your progress “,,,,,,,
Review,This is a Super Fun game! There are so many levels it is an exciting game. You will love this classic game!,,,,,,,
Review,word,,,,,,,
Review,Caseydecker,,,,,,,
Review,Fun to play!,,,,,,,
Review,Its fun,,,,,,,
Review,I keep redownloading this app but every time I do I just can’t get through this one hard level most likely 45 or something I can’t remember. But still it’s a good game but way too hard for my brain to comprehend,,,,,,,
Review,"Terrible game now. I have been playing for 10+ years and on level 22,000+. Takes me weeks to pass one level now and I refuse to pay for extra chances. Hate the change to having to purchase items to be able to play.",,,,,,,
Review,تكسير خشوم,,,,,,,
Review,I’ve made 3 purchases and did not receive the purchase yet you kept my money. I’ve emailed numerous times to no avail. Stay away from purchasing in this app,,,,,,,
Review,For the last 3 days this game has been frustrating to the point I want to delete it. You waste time watching 2 minutes of adds to get 5 extra moves and then the ads get stuck or are broken and you get nothing and then u lose the round. No easy way to tell you in the game. I’ve tried multiple times over the last three days to see if glitch gets fixed but no. Please fix or just remove the ads.,,,,,,,
Review,Very well,,,,,,,
Review,You lost me thousands!,User was attempting to retrieve older photos or memories.,Lack of effective search and retrieval mechanisms.,Not mentioned,"Specific photos or memories, exact dates.",Not mentioned,Not mentioned,Not mentioned
Review,"Te roba tu dinero, si haces una compra de 2.99 te cobran 21.93 va me pasó varias veces por no fijarme",,,,,,,
Review,Period,,,,,,,
Review,This game is fun and addicting I love it so much and it’s great for road trips and at boring times,,,,,,,
Review,So good!,,,,,,,
Review,"My inventory/boosters decreased significantly for no reason which took me months to build e.g., watching a plethora of Ads, winning Team levels, winning races, etc. So this unexpected change in my inventory/boosters that decreases various boosters is frustrating & disappointing. This has happened occasionally in the past—how is the issue remedied presently?",,,,,,,
Review,"Anyone else annoyed at how the game seems to just take over at some point ? I want to make matches but the game keeps giving me these “boosters” and they keep making the matches for me! I can’t avoid them! I want to play the game myself, NOT watch the game just carry on making matches for me. Ugh, so frustrating and annoying! And what happened to the candy noises when you make a match? They used to have this really satisfying sound but not anymore. Oh well.",,,,,,,
Review,So cool and I love how the teams have cool names and the levels make me be strategic and happy,,,,,,,
Review,"Game is overall good , downloaded thinking it was about challenging your brain and patience to bad is more like if you don’t buy or expend money you’ll never make it through levels , very understandable is all about business and  is awful and very disappointing one star is enough . BAD GAME 🫡",,,,,,,
Review,"Cite, emoji movie",,,,,,,
Review,Love it,,,,,,,
Review,Daily Treat Machine needs to add the Start button and Booster Wheel needs to start at 12:00AM midnight and fix all bugs and repair all to set them to 12:00AM midnight IMMEDIATELY!!,,,,,,,
Review,have been playing candy crush for years and recently noticed it was looking a bit ai sloppy. A quick Reddit check confirmed they have laid off real employees and are implementing ai now. Will not support that. Goodbye candy crush. If you ever find your moral compass again I’ll be back.,,,,,,,
Review,"I’ve had this game for over a decade. My pet peeve is sometimes I have to set my phone down for real life responsibilities, but it closes out my round. Another game that I play picks up right where I left off. I wish this one would do the same thing. When it closes out in the middle of my game and I lose the progress and it starts me over on a streak, I literally don’t play for months because it makes me so frustrated.",,,,,,,
Review,Left for a while and redownloaded the game only to find that the graphics are terrible. Reminds me of playing on a Commodore 64. Whoever decided this was a good idea should be fired.,,,,,,,
Review,This is the best game it get me thinking,,,,,,,
Review,"They removed the original music, story, characters, original sounds, everything that made the game fun and unique.",,,,,,,
Review,"Returning after a LONG absence 
Same, NO❣️ More enjoyable than ever before.
You all are still Crushing it🥳

Thank you for the upgrades and the bug fixes. I feel a BIG improvement while playing now and move easier in levels except those pesky very hard ones HaHa 😬

Thanks for nicer competitive play 

Loads of patterns and possibilities. Great extra side games

Hopefully this rating will post
Constantly asked, I post never see nor get prize for rating

I enjoy but hate it when I get unlimited lives then I'm hit a road block and my accumulated hours are wasted waiting for others to help me with pass

All in all this game needs to figure out how to apply what other games have as perks 

I never buy anything 
I learned my lesson during the AOL age of time.  

So I treat these games like 
""Oh well, I just ran out of quarters"" 

I borrow from a friend or wait until I am replenished by game

Can u imagine ....
if you had a jar and put in .25¢ for each game 
Then when all died off, you put in another .25¢ which  you replenished from life gifts.

We all would be rich!!!!

We might be able to curb the game addiction 
Easier to get addicted to these games as they do not have a ""Deposit Coin Slot""

We didn't have credit cards in the arcade era
I find the trick is play with the mentality of the 80's arcade
Boy I bet parents today WISH all they had to do was hand off a $10. roll of quarters
Lol joke is on them parents now.... Looking back we were cheap in comparison to nowadays 
😂😂😂
I further bet they wish those arcades were back
At least we actually, physically interacted with humans not only machines 
From asking for our pay""allowance"", getting to a place with a game
Of course finding the right one we wanted to play, finding that second player, and learning to ask for change - era before change MACHINES 
When people worked with machines; now who have been replaced by machines and are obsolete 

2001 space odyssey ??
🤔🤔🤔🤔
Enjoy those FREE games now",,,,,,,
Review,I won an episode even paid cash to continue on to be able to win the episode and I never received gold bars going on 3 days. Then I report the issue I got a response that it was a known issue and I still don’t have my gold bars….,,,,,,,
Review,Great game,,,,,,,
Review,"The harder levels are literally designed to be impossible unless you have a lot of boosters or gold, which if you run out, you’ll have to spend money to get more. This game is a cash grab and a waste of time.",,,,,,,
Review,"I was double charged 5.97 . I called Apple and they confirmed it and requested a refund and also left Candy Crush a email review about this. I would like to be compensated the exact same amount of bonus rewards that I paid for along with my refund for this fraudulent transaction and inconvenience. I’m on level 17,206 so I’ve been playing a long time and spent a pretty nickel with the game. I expect this compensation asap. Thanks in advance Sincerely, angry customer.",,,,,,,
Review,This Game is Very Relaxing and I get Very Chilled Out Playing this Game and It helps me to Pass the Time Quickly,,,,,,,
Review,It’s unlikely to give special move to win fast fast cooked trip n trucks.,,,,,,,
Review,Bad,,,,,,,
Review,My Favorite GAME 👏🏻🥰CANDY CRUSH 👍😁,,,,,,,
Review,"I have been playing for 14 years, since it came out. The recent changes are maddening!! So you're, now, taking away gold bars from race wins, receiving no more than 4 extra moves, no more UFO boosters with said extra moves, rewards are almost nonexistent anymore AND ads are longer than ever!!?? I have played the same Legendary for 3 days, no way to win w/o help!! This has always been my go to time passer!! Not anymore!! If you've lost me, I'm sure you've lost a lot more that have put so much time and effort into your game!! Unless you change it back, I would not recommend this game to anyone!!",,,,,,,
Review,"this gets boring fast unless your grinding, all the ads are really annoying.",,,,,,,
Review,For me level 128 is a little too hard,,,,,,,
Review,Game froze after update and you can’t get past where I want you to play the race. Could you please fix it? I’m in between games 2195 and 2210.,,,,,,,
Review,"everytime im in the tournament to win GOLD bars, even if i dont close the game it gets restarted some way. If i dont join the tournament, the progress is there even if i go back to another game without closing the application on background. Funny",,,,,,,
Review,"After the upgrade, I purchased a party blaster & UFO launcher and used (well, tried to) them a couple of times but not one  worked. Buyer beware! Can’t find a way to reach out to support, and don’t expect to get my money back anyway, but just know this game is broken and you won’t get what you paid for",,,,,,,
Review,Junk and only want to piss you off to buy more! DONT! It’s a joke. I’d give em -0 stars if I could after many years!,,,,,,,
Review,"Dear King I urge you to please bring crash on the run back even though that I,m supposed to make a review about Candy crush shack, which I used to have, but if you could possibly please bring it back maybe talk to Activision and maybe you can bring it back please and thank you",,,,,,,
Review,👍🏼,,,,,,,
Review,The Candy Royale game pop up is annoying. Doesn’t give you an option to not participate in it,,,,,,,
Review,"I’ve played this game for years since it came out, here recently I did something idiotic and put money into the game. When that happens, the account is viewed as an account who will or has spent money. So any “free” or “ad” based rewards or extra lives will never reappear after buying into the game. It’s ridiculously predatory. So if you got stuck, spent cash, you will forever stay stuck on a level — play the game, don’t fall into the money pit !",,,,,,,
Review,All lm gonna say is that yes no WIFI on ads and give this game a chance to speak and give them a good review and 5 stars!!!,,,,,,,
Review,"Yea the game is like 17 years old I remember when it just came about, I’m disappointed how the game has changed so much, people only play the OG candy crush for nostalgia, even the iconic music when it first came about is gone, it’s more over stimulating now, they should have left the game exactly how it was aesthetic wise.",,,,,,,
Review,Just an ad pusher,,,,,,,
Review,N,,,,,,,
Review,I love this app,,,,,,,
Review,"Cramped, sea sickness scrolling a generic BORING map with awful new music. All the original music is gone!!!! 😡 it was perfect for the last what? 14 years? I had fond memories of playing maternity leave when my oldest was born. This is a tragedy. Absolutely criminal. I opened the game to enjoy old times and it isnt candy crush anymore. Completely bastardized. The old map was perfect. This entire new format is horrid. I cannot play this anymore. Good bye 😔",,,,,,,
Review,Tôi muốn Super Sugar Crush để thấy thêm một thứ mới lạ.,,,,,,,
Review,"I really really enjoy this game. HOWEVER: Since I'm struggling to find out how to contact the Candy Crush team, I shall do so here. I think it's insane that I can log into my account, pick up at the level I was at, but lose everything else. I just got a new phone for the first time in years and, for whatever reason, my plethora of boosters/items and lives sent from friends are GONE. That makes no sense. It's the same account but ""boosters aren't transferrable""??? ""It's recommended you use it on the other device"" blah blah blah. WHY??? I earned them and held on to them for a reason. I used my gold bars to pay for some of them. I'm honestly pretty livid that when I finally have the storage space to add this game back to my phone, I only get to come back to my level and none of my other progresses. What's the point? It's the most ridiculous restriction I've ever seen. Gimme my stuff.",,,,,,,
Review,Music Hi 👋 doing 📺tv🛋️Elianna I love you 🫶💙😘,,,,,,,
Review,"I haven’t played this game in such a long time (in years), and I truly miss the old theme song and sound effects, but seeing the game gives me satisfaction, true nostalgia after nearly 5 years.",,,,,,,
Review,I’m loving this game,,,,,,,
Review,"They constantly take back paid boosters till you call them out. So if you use your boosters right away they disappear, so fast if have to screen shot them as proof. They make it difficult to get them back. Very sad all the money they make and then feel the need to steal from faithful users",,,,,,,
Review,"I hate your ads. It always locks up whatever game I’m playing, freezes it, and cancels the rewards in those games half the time. Your ads ALWAYS opens up my browser, and the App Store, as if forcing me to download this game again. No!
I did have a good time with this game in the past, but I just got tired of it and moved on. So stop forcing people with your annoying ads.",,,,,,,
Review,"I’ve been playing this game for years and have really enjoyed it. However, recent changes have made it extremely annoying. 

New background visuals that you are unable to turn off, interfere with play. When you lose a game, you end up getting an incredibly disgusting yeti eyeball situation or other features saying Bravo (or whatever) when you didn’t even WIN! 

It’s no longer a relaxing puzzle escape as advertised",,,,,,,
Review,"Man, how I love this game. The entire summer I have been  utterly HOOKED. I spend too much on lives… it’s almost like a gambling addiction. The flashing lights, the vibrations, the deep voice and now NOT SHANIA!! I only wish that if we buy lives and they give us extra, that it would roll over. I also don’t like that sometimes things you buy don’t show up immediately. I love the game, so whataya gonna do?!",,,,,,,
Review,"So many ads are several clicks to get rid of them.  They are annoying!  I don’t need financial services, don’t need toys or new apps.  99% not relevant!",,,,,,,
Review,Verygood,,,,,,,
Review,Yall have to get this it is soooo fun ad free you can have a group of friends you can have cute icons and it is satisfying when you are about to finish the game everything explodes so cool I love this game so MUCH get this game definitely 5 stars ⭐️,,,,,,,
Review,Took all coins when I accidentally swiped on something to buy. Didn’t give a choice to make sure I wanted the item.,,,,,,,
Review,"I have noticed the great amount of differences since I have left and returned. It used to be that passing 10 was a big challenge. Now, the game allows the player to enjoy the game and just be apart of it. Plus, the music is great and there are a lot more activities. For the love of the game, huh",,,,,,,
Review,"this game is the most relaxing game i have ever played but  can we have less adds? EVERYTHING
 is good except all the adds",,,,,,,
Review,Sometime this game really cheat,,,,,,,
Review,Play,,,,,,,
Review,i can’t even play the game properly without pop ups for the game showing up everytime,,,,,,,
Review,The bird ad keeps crashing the candy crush app.,,,,,,,
Review,I play this when I’m in a total relaxed state.,,,,,,,
Review,i do not play it anymore but years ago with my dad we played this game non-stop. This game is really great i hope it is today thanks for creating some really nice memories. Thanks!,,,,,,,
Review,"The “Caramel cup” is a bridge too far. Expecting people to win 3 episode races without winning a single gold bar is a bridge to far. My reward for making it to level 10,000 and winning 30+ episode races in a row is, surprise, no gold bars, no rewards for winning.
How greedy will you get. Not to mention some people can watch videos to earn, and stockpile gold, while I have never once been given an opportunity to watch videos for gold, or lives. It’s win, or pay, and if you don’t pay, you can’t win. Thank you caramel cup for ruining candy crush.
I’ve had enough.",,,,,,,
Review,I love candy crush saga it is fun relaxing and the best,,,,,,,
Review,Omg PLZ take Shania off. I am not trying to listen to a love song at all while playing a game. Even more so when it’s on REPEAT!,,,,,,,
Review,"Every single week there’s an update that makes it harder and harder to get gold. They just want players to spend real money on gold bars, as if these people don’t have enough money. Absolutely ridiculous.",,,,,,,
Review,Its a good game,,,,,,,
Review,"I have noticed that when you get close to winning an episode, the algorithm switches up on you. A move that would typically clear quite a bit of objects, suddenly falls flat. Then you notice that it keeps happening until you’ve lost all of your lives and then you’re stuck for a very long time unless you buy! I can’t count how many times I’ve gotten stuck at the last game in an episode just to watch someone else win who was several levels back! My guess is that they paid to win! That’s pay to play and it sucks!",,,,,,,
Review,Very fun,,,,,,,
Review,I love this game so cute,,,,,,,
Review,Super Fun and Engaging!,,,,,,,
Review,"I deleted your game for a reason stop making your ads go to my browser, then to the App Store to redownload your dumb game when I try to exit the ad! I don’t want it! Literally giving yourself a bad review because of your annoying ads on top of an annoying game!!",,,,,,,
Review,The best game of all time.,,,,,,,
Review,AI ADS absolutely ridiculous ai is ruining our planet get a grip,,,,,,,
Review,"I’ve been playing this game for a long time. The pop-up are minimum
7-10 clicks before I can even play the dang game. Like come on we’re sold to enough, have enough noise and now I have to click through all these little pop-up windows just to play is frustrating",,,,,,,
Review,Why do you always lock it so you loose all your. Why does this happen all the time if you don’t want us to play just take it off unlock my game please it’s not worth it anymore locks up everytime,,,,,,,
Review,this is a good game,,,,,,,
Review,"Been playing till level 15,035 but is really annoying when you use the special rewards they’re supposed to help you and not screw you when you’re almost done and winning the level 😒 I'm done playing this, it was fun but it gets frustrating when this things happens..",,,,,,,
Review,"The game is fun up to a point. Sooo many ads! And recently the ads are glitchy- you can’t get out of them unless you completely close the game and restart. Candy Crush’s solution to use your phone’s back button doesn’t work as you can’t access the back button from the ad. They also suggest to report a faulty ad, but how?? There is no way to do so",,,,,,,
Review,If I get one more ad in any other app for candy crush I swear I’ll build a bot to ruin the reviews.,,,,,,,
Review,I love it 😌💕,,,,,,,
Review,🤩🤩,,,,,,,
Review,deleted the game after finding out you are okay with destroying the planet with your use of AI slop.,,,,,,,
Review,"I regret this new update and I realize 
the difference.
I have been playing for DECADES and I miss several items the original pieces had before.

SEPTEMBER 2026
Not all levels have the same candy sizes it’s smaller and it HURTS MY EYES TRILLIONS 👎

I just noticed that I DID NOT SEE THE PERMISSION TO HAVE PREFERENCES OF ALLOWING AND NOT ALLOWING APP TO TRACK YOU!

I DO NOT AGREE TO LET THIS APP TRACK ME!

The rewards no longer showed what you earned a lot of changes occurred during the DECADES I AM PLAYING THIS GAME AND I NOTICED SOME GREAT CHANGES BUT LATELY THIS IS THE UTMOST WORST BOOSTERS AREN’T WHAT THEY USED TO BE!

ADS
Just now it showed watch AD and get 3 lives yeah right I GOT ONLY 1 definitely ENTRAPMENT! SHADY DEVELOPMENT! AKA BAIT AND SWITCH!",,,,,,,
Review,"Prizes keep getting smaller, levels keep getting more impossible, with everything designed to encourage you to spend money, of course.",,,,,,,
Review,I actually see very little new stuff in the game. Yes the Music event is new and I don’t remember the races from eons ago but it is just as hard to win as it was at the beginning unless one has money to burn.  So unfair.,,,,,,,
Review,Hate the new update. I don’t like the spinning wheel in the “don’t lose your progress “,,,,,,,
Review,This is a Super Fun game! There are so many levels it is an exciting game. You will love this classic game!,,,,,,,
Review,word,,,,,,,
Review,Caseydecker,,,,,,,
Review,Fun to play!,,,,,,,
Review,Its fun,,,,,,,
Review,I keep redownloading this app but every time I do I just can’t get through this one hard level most likely 45 or something I can’t remember. But still it’s a good game but way too hard for my brain to comprehend,,,,,,,
Review,"Terrible game now. I have been playing for 10+ years and on level 22,000+. Takes me weeks to pass one level now and I refuse to pay for extra chances. Hate the change to having to purchase items to be able to play.",,,,,,,
Review,تكسير خشوم,,,,,,,
Review,I’ve made 3 purchases and did not receive the purchase yet you kept my money. I’ve emailed numerous times to no avail. Stay away from purchasing in this app,,,,,,,
Review,For the last 3 days this game has been frustrating to the point I want to delete it. You waste time watching 2 minutes of adds to get 5 extra moves and then the ads get stuck or are broken and you get nothing and then u lose the round. No easy way to tell you in the game. I’ve tried multiple times over the last three days to see if glitch gets fixed but no. Please fix or just remove the ads.,,,,,,,
Review,Very well,,,,,,,
Review,You lost me thousands!,User likely trying to locate or retrieve numerous older photos.,Ineffective retrieval process leading to loss of access to important photos.,Not mentioned,"Exact date, specific photos or events.",Giving up or expressing frustration.,Not mentioned,Not mentioned
Review,"Te roba tu dinero, si haces una compra de 2.99 te cobran 21.93 va me pasó varias veces por no fijarme",,,,,,,
Review,Period,,,,,,,
Review,This game is fun and addicting I love it so much and it’s great for road trips and at boring times,,,,,,,
Review,So good!,,,,,,,
Review,,The user is trying to export an album containing photos.,Some photos are not being exported or retrieved correctly.,Albums with just over 100 photos,Exact photos that are missing,Clicking the button several times and refreshing the page,Occasional,Occasional
Review,,,,,,,,
Review,,User is trying to retrieve photos or memories that have been edited in terms of date or location.,Confusion due to metadata changes leading to difficulty in understanding the correct retrieval of photos.,Not mentioned,"Exact date, specific file name.",Not mentioned,Occasional,Occasional
Review,,User attempting to share photos from Google Photos via WhatsApp,Share function missing and errors when attempting to retrieve photos for sharing,Not mentioned,Not mentioned,Not mentioned,Occasional,Occasional
Review,,,,,,,,
Review,,,,,,,,
Review,,The user is trying to retrieve specific photos to post on Instagram after having organized albums on Google Photos.,Endless scrolling through tens of thousands of photos to select the right ones.,Albums curated from events that spanned across many years.,Exact dates or specific photos needed.,"Attempted to download via desktop site, which was unsuccessful.",Occasional,Occasional
Review,,The user was trying to transfer photos from Google Photos to Instagram.,The lack of a direct sync between Google Photos and Instagram adds complexity to retrieving and sharing photos.,Not mentioned,Not mentioned,Downloading folders to a PC and moving them to their phone manually.,Occasional,Occasional
Review,,,,,,,,
Review,,,,,,,,
Review,,,,,,,,
Review,,,,,,,,
Review,,User trying to retrieve specific photos using face detection.,Ineffective face recognition leading to missed photo detection.,"Some photos, older and newer, have faces detected.",Exact dates or specific photos that should be detected.,Disabling and re-enabling face detection.,Occasional,Occasional
Review,,,,,,,,
Review,,,,,,,,
Review,,User is trying to organize and retrieve photos by faces.,"Ineffective or confusing album, categorization, photo stacks, or archive navigation.",Not mentioned,"Exact date, specific file name, exact folder",Creating albums for every month,Occasional,Occasional
Review,,,,,,,,
Review,,The user was trying to utilize face recognition to retrieve photos of specific people.,Ineffective face recognition capabilities leading to inability to retrieve desired images.,People over a 20 year span,Not mentioned,Set up Immich locally and switched to that app.,Not mentioned,Not mentioned
Review,,,,,,,,
Review,,,,,,,,
Review,,,,,,,,
Review,,,,,,,,
Review,,,,,,,,
Review,,,,,,,,
Review,,,,,,,,
Review,,,,,,,,
Review,,,,,,,,
Review,,,,,,,,
Review,,,,,,,,
Review,,,,,,,,
Review,,,,,,,,
Review,,,,,,,,
Review,,,,,,,,
Review,,,,,,,,
Review,,Trying to backup the locked folder on their main Google Photos account.,"Backup and retrieval inconsistency, possibly due to account switching.",The locked folder occasionally shows up.,Exact date for when the locked folder is missing or when it fails to backup.,Switching accounts in the app temporarily.,Occasional,Occasional
Review,,,,,,,,
Review,,The user is attempting to find a specific feature or functionality related to Google Docs in Google Photos.,Ineffective retrieval of desired feature or tool.,Not mentioned,Exact feature location or specifics of what they are trying to find.,Not mentioned,Occasional,Occasional
Review,,,,,,,,
Review,,,,,,,,
Review,,,,,,,,
Review,,User is trying to retrieve important photos and videos after a factory reset.,"Incomplete retrieval of backed-up media, causing frustration.",Same days as the backup.,Exact files or specific dates of the missing videos.,Tried Google Takeout and checking other accounts.,Not mentioned,Not mentioned
Review,,The user is trying to retrieve specific photos that they believe should be included in the Google Takeout data.,Query mismatch during photo retrieval; expected photos are not found.,Photos which should be in the takeout,"Exact dates, specific file names, or details about the photos",Not mentioned,Not mentioned,Not mentioned
Review,,,,,,,,
Review,,User attempted to locate a recently backed up video after deleting it from the app.,Inability to retrieve deleted video after backup.,The video was very important and was backed up recently.,"Exact date of the backup, specific file name.",Asking for help on Reddit.,One-off,One-off
Review,,,,,,,,
Review,,,,,,,,
Review,,,,,,,,
Review,,The user is trying to find photos backed up from their Android phone online.,"Ineffective organization, as photos are not sorted by folders but by date.",Not mentioned,Exact folder names,Not mentioned,Not mentioned,Not mentioned
Review,,Trying to organize and retrieve older photos from the main gallery.,Excessive manual organization due to lack of folder structure.,Not mentioned,Exact date or specific organization method,Manually organizing the photos themselves,Occasional,Occasional
Review,,User trying to restore thousands of photos to a new phone.,Ineffective organization and retrieval due to lack of folder structure.,Not mentioned,Not mentioned,Considering saving photos in Dropbox.,Not mentioned,Not mentioned
Review,,,,,,,,
Review,,,,,,,,
Review,,User was trying to search for photos using category names and specific keywords.,Search algorithm failure resulting in random and irrelevant results.,Category name and certain keywords from file names.,"Exact date, specific file name, or exact folder.",Not mentioned,Occasional,Occasional
Review,,,,,,,,
Review,,The user was trying to select multiple photos from search results.,Inability to use Shift+Select in search results for specific subjects.,Not mentioned,Not mentioned,Not mentioned,Occasional,Occasional
Review,,,,,,,,
Review,,User was trying to locate a specific screenshot using a word they remember from the text in the image.,Search algorithm failure,A word that was on the picture,Exact date of the screenshot,Not mentioned,Occasional,Occasional
Review,,User is trying to search for photos using text recognition.,Ineffective search algorithm due to broken functionality.,Not mentioned,Not mentioned,Not mentioned,Not mentioned,Not mentioned
Review,,,,,,,,
Review,,The user was trying to retrieve photos using Google Photos' search function.,Ineffective search bar results due to AI integration causing dissatisfaction.,Not mentioned,"Specific images, timeframes, or contents of the photos were not mentioned.",Asking Gemini for help and expressing a desire for a fix.,Occasional,Occasional
Review,,,,,,,,
Review,,,,,,,,
Review,,,,,,,,
Review,,User is trying to search for older photos using the app's search feature.,Ineffective search algorithm resulting in unpredictable photo retrieval.,Not mentioned,Not mentioned,Not mentioned,Not mentioned,Not mentioned
Review,,User is trying to search for specific images of a 'Big Dog' and 'rattlesnake'.,Search algorithm failure where specific queries yield no results.,User recalls searching for a 'Dog' and trying variations like 'Big Dog' and 'rattlesnake'.,"Exact date, specific photo names, or albums containing the images.","User appears frustrated and expressing dissatisfaction with the search capabilities, implying they may have given up.",Frequent,Frequent
Review,,,,,,,,
Review,,Trying to retrieve older photos or videos using search functions.,Search algorithm failure in recognizing objects or context.,Not mentioned,Specific photos or objects they were looking for.,Not mentioned,Frequent,Frequent
Review,,,,,,,,
Review,,,,,,,,
Review,,,,,,,,
Review,,The user was trying to perform searches on Google Photos using their iPad.,Search algorithm failure due to app freezing.,Not mentioned,Specific photos or memories not mentioned,"Force close app, re-open it, and return to prior searches",Constant,Constant
Review,,The user is attempting to use the search feature in Google Photos on their older tablet.,Ineffective search functionality due to outdated app version leading to instability.,Not mentioned,Not mentioned,"Using an older, unstable version of the app.",Occasional,Occasional
Review,,,,,,,,
Review,,,,,,,,
Review,,,,,,,,
Review,,User trying to retrieve older photos across multiple devices.,Search algorithm failure and possibly broken keyword database.,Not mentioned,Specific photos or dates they are trying to find.,Not mentioned,Frequent,Frequent
Review,,,,,,,,
Review,,User trying to retrieve specific photos of anacondas from a large library of images.,Search algorithm failure,Anaconda,Exact date or specific file name,Scrolling through a million photos,Frequent,Frequent
Review,,,,,,,,
Review,,Trying to find older photos and videos using the Ask Photos system,Ineffective search algorithm leading to frustration with photo retrieval,Not mentioned,Specific photos or events,Hoping it will get better,Frequent,Frequent
Review,,User is considering cleaning Google Photos and is worried about potentially losing sensitive content.,Vague recall struggles regarding types of photos that may contain sensitive content.,"baby in bath'-type photos, parent-related content","Exact dates or specific images that could be flagged, or whether similar content exists in her gallery.",Considering cleaning up Google Photos or eliminating the service altogether.,Not mentioned,Not mentioned
Review,,,,,,,,
Review,,,,,,,,
Review,,,,,,,,
Review,,,,,,,,
Review,,The user was trying to delete and backup their Google Photos.,"The process was long and complicated, involving difficulties with file extraction and deletion.",15 years of tags and albums,Not mentioned,"Used Google Takeout to backup and then delete the photos manually, which was a protracted process.",Not mentioned,Not mentioned
Review,,"User is likely trying to search for specific photos and memories, which may have triggered frustrations with the retrieval process.",AI-based content moderation leading to potential photo retrieval issues.,Not mentioned,Exact photos or memories being sought.,Not mentioned,Not mentioned,Not mentioned
Review,,,,,,,,
Review,,,,,,,,
Review,,,,,,,,
Review,,The user was likely trying to search for specific photos or memories within Google Photos.,Ineffective search algorithm or retrieval failure.,Not mentioned,Specific photos or memories being searched for.,Migrated to a different app (immich) and deleted Google Photos.,Not mentioned,Not mentioned
Review,,"Concerns about the security of their data and potential loss of account access, affecting the ability to retrieve photos.",Risk of losing entire account and inability to recover data if AI makes mistakes.,Not mentioned,Not mentioned,Not mentioned,Not mentioned,Not mentioned
Review,,,,,,,,
Review,,,,,,,,
Review,,,,,,,,
Review,,Concern about account bans and potential loss of access to previous photos.,"Fear of having their account banned without a proper review process, which could lead to loss of access to photos.",Not mentioned,Not mentioned,Doing backups and considering switching off Google Photos entirely.,Occasional,Occasional
Review,,,,,,,,
Review,,,,,,,,
Review,,,,,,,,
Review,,,,,,,,
Review,,,,,,,,
Review,,User attempted to search for photos based on location.,Search algorithm failure,location,"exact date, specific photos",Not mentioned,Occasional,Occasional
Review,,,,,,,,
Review,,,,,,,,
Review,,,,,,,,
Review,,User is trying to manage and organize photos within the app.,Ineffective duplicate detection and inaccurate photo stacking causes frustration during retrieval.,Not mentioned,Not mentioned,Not mentioned,Not mentioned,Not mentioned
Review,,User is experiencing issues with managing duplicate photos.,"Inability to delete duplicates without affecting device photos, causing frustration.",Not mentioned,Not mentioned,Turning off sync to manage duplicates.,Occasional,Occasional
Review,,User trying to organize and delete photos from a specific day.,Loss of feature to group and select images by date for easy management.,Photos from a specific day,"Exact date, specific images",Not mentioned,Not mentioned,Not mentioned
Review,,,,,,,,
Review,,User was trying to find photos by using descriptions that they added.,Ineffective search bar results,Descriptions of photos,Exact date or specific file names,Not mentioned,One-off,One-off
Review,,Trying to search for a specific photo after editing it,Search algorithm failure due to delayed index updates,Not mentioned,Exact date or specific photo details,Waiting for the search index to update,Occasional,Occasional
Review,,,,,,,,
Review,,User was trying to locate and utilize human face recognition features for retrieving older photos.,Failure of human face indexing and recognition,"Old photos, human faces",Exact dates or specific individuals' names,Escalated the issue through Google One support,Frequent,Frequent
Review,,,,,,,,
Review,,,,,,,,
Review,,,,,,,,
Review,,,,,,,,
Review,,,,,,,,
Review,,,,,,,,
Review,,,,,,,,
Review,,Attempting to retrieve older photos and address issues with face grouping,Ineffective retrieval mechanism due to product support issues and app functionality,two years of facematched history,Not mentioned,Contacting support through the app and restarting the process,Occasional,Occasional
Review,,,,,,,,
Review,,,,,,,,
Review,,A user trying to edit face data for people within Google Photos.,System failure to write/update face metadata on the backend.,Not mentioned,Not mentioned,Escalating to support for backend re-indexing or waiting for an internal trigger.,Frequent,Frequent
Review,,User attempting to edit or add a person to Google Photos.,"Account-level, server-side face indexing failure; inability to retrieve or edit face metadata.",Not mentioned,Specific individuals they were trying to edit or add.,"Retrying, reinstalling, and logging in/out do not help.",Frequent,Frequent
Review,,,,,,,,
Review,,User attempts to access photo details using the recognized faces search feature.,Search algorithm failure as the photo details do not display correctly.,Not mentioned,Not mentioned,Not mentioned,Not mentioned,Not mentioned
Review,,User is trying to retrieve older photos after moving to a new Google account.,Ineffective photo retrieval due to account migration and potential GDPR issues.,Worked perfectly on an old university account.,Exact date or specific photos they are trying to retrieve.,Trying to reinstall photos using a USA VPN.,Not mentioned,Not mentioned
Review,,The user is likely trying to retrieve photos associated with face groups.,Possible retrieval failure due to disappearing face groups.,Not mentioned,Exact date or specific photos related to the face groups.,Not mentioned,Occasional,Occasional
Review,,,,,,,,
Review,,,,,,,,
Review,,,,,,,,
Review,,The user is trying to add a new face that Google Photos has identified.,Inability to add a newly detected face for easier photo retrieval.,Not mentioned,"Exact date, specific file name, exact folder, or 'Not mentioned'",Not mentioned',Occasional,Occasional
Review,,The user was trying to find recent screenshots.,"Lack of effective search capabilities in Google Photos, particularly for screenshots.",Screenshots taken recently,"Exact date, specific file name, or exact folder",Using the gallery app instead of Google Photos,Occasional,Occasional
Review,,,,,,,,
Review,,,,,,,,
Review,,User is trying to search for recent photos taken with their current phone.,"Search algorithm failure, ineffective search results",Photos taken with current phone,Exact timestamps of specific photos or events,"Tried turning backup on and off, searching for solutions online",Occasional,Occasional
Review,,User is trying to search for older photos.,Ineffective search functionality limiting retrieval options.,Not mentioned,Specific old photos or memories.,Not mentioned,Not mentioned,Not mentioned
Review,,,,,,,,
Review,,User is trying to find and display older photos from Nexus devices in the Google Photos main gallery.,Retrieval failure where old photos are not visible in the main gallery or timeline.,"photos from old Nexus devices, specific person’s face","exact date, specific photo locations",Not mentioned,Not mentioned,Not mentioned
Review,,User is trying to locate older photos or videos,Lack of clarity on where specific photos are stored or if they can be found in backups,Not mentioned,"Exact location of photos, whether they are archived or in backups",Checking the archive and Google Takeout,Occasional,Occasional
Review,,,,,,,,
Review,,User was trying to locate old photos and videos they recently uploaded.,Endless scrolling due to inability to remember the exact date of the photos.,Not mentioned,Exact date of when they were taken.,Scrolling through the timeline.,Not mentioned,Not mentioned
Review,,,,,,,,
Review,,The user was trying to find a way to quickly access recently added photos on the Google Photos Android app.,Lack of a clear selection for accessing recently added photos.,Not mentioned,Exact method or direct access without searching.,User discovered they can search by typing 'recently added'.,Occasional,Occasional
Review,,,,,,,,
Review,,User is trying to attach a file from their Google Photos app.,Lack of sorting options and inability to retrieve photos by date modified.,Date taken,Exact date modified or specific photo name,Not mentioned,Occasional,Occasional
Review,,User is attempting to retrieve photos from specific years.,Lack of effective search functionality for retrieving older photos by year.,2024 al 2026,"Exact date, specific file names, or events within those years",Not mentioned,Not mentioned,Not mentioned
Review,,User is trying to understand why certain photos are appearing on a shared device despite not finding any links.,Query mismatch or lack of clarity on shared photo access.,Not mentioned,Details on how the photos are linked or why they are accessible.,Not mentioned,Not mentioned,Not mentioned
Review,,The user was trying to search for and retrieve their older photos.,"The photos being re-categorized into the camera roll without user intention, affecting retrieval.",Thousands of photos saved into the camera roll.,"Exact date, specific folder for older photos, or how to revert this process.",Tried turning off activity based personalization and then turning it back on.,Occasional,Occasional
Review,,The user is trying to search for specific content within images.,Search algorithm failure due to confusing input requirements.,Not mentioned,Not mentioned,User hints at manually typing search terms in quotes.,Not mentioned,Not mentioned
Review,,The user is trying to locate or organize their photos after a change in folder structure.,Ineffective categorization and navigation due to everything being moved into a single 'camera' folder.,Folders used to exist for easier access.,Exact photos or specific contents now misplaced within the folder.,Not mentioned,Occasional,Occasional
Review,,,,,,,,
Review,,Trying to upload backups of old photos and videos to Google Drive.,Ineffective retrieval of specific files leading to a ban of the account.,"Backups of all my cell phones since I was 14 years old, really old photos from 2014.",Exact file names or specific content within the files.,"I will never use Google systems again, and if I am forced to use Drive, I will never upload anything without encryption.",One-off,One-off
Review,,,,,,,,
Review,,,,,,,,
Review,,,,,,,,
Review,,,,,,,,
Review,,,,,,,,
Review,,,,,,,,
Review,,,,,,,,
Review,,,,,,,,
Review,,,,,,,,
Review,,,,,,,,
Review,,,,,,,,
Review,,,,,,,,
Review,,,,,,,,
Review,,User is trying to avoid using Google Photos and Google Drive due to privacy concerns.,Complete abandonment of the app due to security issues; no specific retrieval failure mentioned.,Not mentioned,Not mentioned,Switching to a different platform (Proton),Not mentioned,Not mentioned
Review,,Users trying to retrieve older photos and videos.,"Ineffective retrieval affecting multiple users, potentially related to search functionality or application reliability.",Not mentioned,Specific photos or exact retrieval issues,Turning off Google Photos,Frequent,Frequent
Review,,,,,,,,
Review,,,,,,,,
Review,,,,,,,,
Review,,,,,,,,
Review,,,,,,,,
Review,,User is trying to organize old photos by adding location data.,"User is unable to view and update photos without location data, causing frustration in organization.","Old photos, camera without GPS","Exact date, specific photos without location",Not mentioned,Occasional,Occasional
Review,,,,,,,,
Review,,Finding all pictures with no location data in a large account.,Excessive manual scrolling through numerous items to identify photos lacking location tags.,Not mentioned,"Exact number of items with no location, specific photos",Going through items one by one to identify those without location data,Occasional,Occasional
Review,,Trying to locate photos that lack location data.,Search algorithm failure,Not mentioned,Not mentioned,Not mentioned,Not mentioned,Not mentioned
Review,,,,,,,,
Review,,,,,,,,
Review,,The user is trying to find specific photos taken with a Nikon D7500 camera.,Query mismatch leading to ineffective search results.,Nikon D7500,Exact date or event related to the photos.,Not mentioned,Not mentioned,Not mentioned
Review,,,,,,,,
Review,,The user was trying to search for specific photos taken with a camera that lacks GPS data.,Ineffective search results based on the lack of GPS data.,Not mentioned,Specific photos or their content related to the search query.,Not mentioned,Occasional,Occasional
Review,,,,,,,,
Review,,,,,,,,
Review,,,,,,,,
Review,,,,,,,,
Review,,,,,,,,
Review,,User is trying to switch from iCloud Photos and is looking for specific functionalities in Google Photos.,Ineffective album functionality or retrieval capabilities compared to competitors.,Not mentioned,Specific functionalities for photo retrieval from previous months or years,Considering switching to another service (iCloud Photos),Occasional,Occasional
Review,,Searching for older photos of the user's baby who is now an adult.,"Inability to retrieve specific older photos, potential query mismatch due to lack of recollection of how they were uploaded.","Photos of their baby, the era being several years ago.","How they loaded the old non-phone photos, exact date, specific content of the lost photos.",Checking for backups and synchronization issues.,Occasional,Occasional
Review,,The user was trying to view older photos that were accessible through a web browser but not through the mobile app.,Ineffective app retrieval for older photos.,Not mentioned,Not mentioned,Checked the website to confirm the photos' existence.,Occasional,Occasional
Review,,The user is trying to locate or retrieve photos that they believe are backed up on Google Drive.,Backup and sync issues leading to confusion about photo retrieval from different Google services.,Not mentioned,"Exact date, specific photos",Not mentioned,Occasional,Occasional
Review,,,,,,,,
Review,,,,,,,,
Review,,,,,,,,
Review,,,,,,,,
Review,,User is trying to determine how long it will take for Google Photos to identify faces in newly uploaded photos from an external drive covering several years.,"User is uncertain about the automatic recognition of faces in photos, which could imply a lack of clear guidance or functionality expectation.",Photos from 2008 to 2016,"Exact timing for face recognition to start working, or specific photos they wanted to find faces in",Not mentioned,Not mentioned,Not mentioned
Review,,,,,,,,
Review,,User is waiting for facial recognition to function properly,Ineffective photo retrieval due to reliance on facial recognition,Not mentioned,Specific photos or videos they are trying to find,Leaving the app as is until facial recognition works,Occasional,Occasional
Review,,,,,,,,
Review,,The user is trying to retrieve photos and videos backed up from their old phone to their new phone.,Photos are marked with incorrect dates and folders do not appear as expected.,The day of the new configuration.,"Exact dates of the photos, specific folders, or specific videos.",Checked the old phone for backups.,Not mentioned,Not mentioned
Review,,,,,,,,
Review,,Searching for specific photos or tagging individuals in pictures.,Ineffective search capabilities due to reliance on algorithmic face detection.,Not mentioned,Specific details about photos or videos that need tagging.,Not mentioned,Occasional,Occasional
Review,,User trying to select a specific photo to share from another application.,"Excessive manual scrolling through the album hierarchy, lack of a search bar to locate specific photos.","Specific photo (e.g., profile picture).","Exact folder or album name, specific date of the photo.",Manual scrolling through the entire album structure.,Occasional,Occasional
Review,,,,,,,,
Review,,,,,,,,
Review,,User is trying to retrieve old family photos from specific years.,Search algorithm failure and potential issues with photo storage or retrieval.,Photos of my 2nd child growing up from 4 or 5 months up and my 3rd child being born to 18 months old.,Not mentioned,Checking old phones and seeking help in discussions.,Occasional,Occasional
Review,,,,,,,,
Review,,The user was trying to locate photos between February 2017 and September 2020.,Retrieval failure due to missing photos within the specified date range.,Feb 2017 to Sept 2020,Exact details of the missing photos or events,Not mentioned,Not mentioned,Not mentioned
Review,,,,,,,,
Review,,User is attempting to locate older photos.,Endless scrolling and ineffective search results.,Not mentioned,Exact date or specific photos,Will swipe next time to pinpoint photos,Frequent,Frequent
Review,,,,,,,,
Review,,The user is trying to find older photos from a specific time frame.,Ineffective retrieval of memory-related photos from past years.,A photo from a specific time frame they haven't seen in forever.,Exact date or specific folders containing those photos.,Not mentioned,Occasional,Occasional
Review,,User is trying to retrieve all backed-up photos from Google Photos on their phone.,Cannot access photos that are backed up in the Google Photos app on the phone.,"Recent vacation pictures, work photos, and photos from 2025 and beyond.",Exact date range or specific file names of the missing photos.,Used the browser to favorite and add some missing photos to a shared album.,Occasional,Occasional
Review,,Trying to locate uploads or memories in the 'Recently added' section.,"Expected chronological display of uploads is not functioning, leading to retrieval difficulty.",Not mentioned,Exact uploads or specific dates for photos.,"Trying to add filters or looking for specific uploads, but experiencing confusion.",Occasional,Occasional
Review,,The user is attempting to locate missing photos that are not appearing in the main timeline.,Filters are ineffective in retrieving the missing photos.,January and December days.,Exact dates for the missing photos.,Messing with the filters in the photos tab.,Occasional,Occasional
Review,,Attempting to locate older photos.,Ineffective search or navigation within the app.,Not mentioned,Where the photos might be located.,Checking the web Archive.,Occasional,Occasional
Review,,Trying to locate or retrieve photos that should be accessible.,Ineffective search algorithm or inability to find archived content.,Not mentioned,Exact photos or events from the past.,Using the built-in camera app instead.,Not mentioned,Not mentioned
Review,,,,,,,,
Review,,,,,,,,
Review,,The user is trying to locate older photos that may be incorrectly categorized in the timeline.,Potential retrieval failure due to incorrect metadata affecting the timeline organization.,Not mentioned,Exact dates or specific photos,Not mentioned,Not mentioned,Not mentioned
Review,,,,,,,,
Review,,The user is trying to understand the contents of their 'On this device' section in Google Photos.,"Ineffective or confusing album, categorization",Not mentioned,Not mentioned,Not mentioned,Not mentioned,Not mentioned
Review,,The user is attempting to retrieve photos specifically from the 'On this Device' section.,Query mismatch leading to the same photos being shown without the expected items present.,Not mentioned,Exact photos or specifics that are missing,Not mentioned,Not mentioned,Not mentioned
Review,,,,,,,,
Review,,,,,,,,
Review,,Trying to locate older photos by scrolling through the timeline,Endless scrolling and difficulty finding specific photos due to clutter,Date the photos was taken,"Exact date, specific event, or details surrounding the photos",Manual scrolling,Occasional,Occasional
Review,,Trying to locate specific older photos,Ineffective retrieval leading to skipping older photos,Not mentioned,"Specific older photos, exact time frame",Manual scrolling,Occasional,Occasional
Review,,,,,,,,
Review,,,,,,,,
Review,,User was trying to access older photos or restore functionality of Google Photos.,Recovery issues due to sync problems and app instability.,Not mentioned,Not mentioned,"Sign out, delete cache and storage, delete updates, redownload, unsync, and sync again.",Occasional,Occasional
Review,,"The user is trying to retrieve older photos that are not visible, despite seeing recent ones.",Inability to locate older photos.,Not mentioned,"Exact date, specific photo details.",Not mentioned,Frequent,Frequent
Review,,Locating and retrieving older photos in Google Photos.,Search algorithm failure or possible data disappearance affecting retrieval.,"Over 20,000 pictures","Exact dates, specific photos, or albums that were lost",Not mentioned,Not mentioned,Not mentioned
Review,,,,,,,,
Review,,User is trying to locate or retrieve older photos.,Frustration with the retrieval process.,Not mentioned,Not mentioned,Not mentioned,Not mentioned,Not mentioned
Review,,The user is trying to recover lost photos after not being able to locate them.,Complete loss of photos and inability to retrieve them.,Not mentioned,Exact location or timeframe of the lost photos.,Giving up and expressing frustration.,Not mentioned,Not mentioned
Review,,The user was trying to locate and restore older photos.,Inability to restore certain photos.,Not mentioned,Specific photos or timeframe.,Not mentioned,Not mentioned,Not mentioned
Review,,User experiencing a change in the photo browsing interface while trying to locate photos.,Confusing interface leading to frustration during photo retrieval.,Not mentioned,Not mentioned,Not mentioned,Not mentioned,Not mentioned
Review,,The user attempted to retrieve photos from a Google Takeout export.,Ineffective extraction of photos and videos due to nested folder structure and metadata issues.,Not mentioned,Not mentioned,Built a command-line tool (GTP) to modify creation and modification dates for ease of retrieval.,Occasional,Occasional
Review,,,,,,,,
Review,,,,,,,,
Review,,,,,,,,
Review,,,,,,,,
Review,,,,,,,,
Review,,,,,,,,
Review,,,,,,,,
Review,,,,,,,,
Review,,,,,,,,
Review,,,,,,,,
Review,,,,,,,,
Review,,,,,,,,
Review,,,,,,,,
Review,,"User is trying to organize and locate photos from events, rather than by date.",Ineffective album organization for events instead of date-based organization.,Events,Not mentioned,Not mentioned,Not mentioned,Not mentioned
Review,,,,,,,,
Review,,,,,,,,
Review,,,,,,,,
Review,,,,,,,,
Review,,,,,,,,
Review,,The user is trying to keep their photo albums organized and updated.,Excessive or exhausting manual scrolling through albums; difficulty in maintaining organization.,Not mentioned,Not mentioned,Manually updating albums,Occasional,Occasional
Review,,User wanted to retrieve and export a specific frame from a motion photo.,"Inability to save or export a single frame from some motion photos, inconsistent feature availability.","Motion photos, Pixel 7a","Exact date of the photos, specific frame desired, or why some photos had the option.",Not mentioned,Occasional,Occasional
Review,,User is trying to locate specific photos that should have synced from iPhone camera roll to Google Photos.,Inconsistent syncing of photos between devices.,Selfies taken in the same minute.,Exact timestamp or specific photos that were not synced.,Tried searching for similar issues but couldn't find solutions.,Occasional,Occasional
Review,,The user was attempting to locate specific photos within albums or collections on mobile.,Missing pictures in albums or collections post-update.,"Collection of pictures of myself, missing several different months of pictures.",Exact dates or specific photos that are missing.,Looking for the pictures in the general library.,Occasional,Occasional
Review,,Attempting to view photos in a specific album,Query mismatch or display failure,Not mentioned,"Exact date, specific file name, exact folder","Opening multiple support tickets, trying to resolve issues",Frequent,Frequent
Review,,,,,,,,
Review,,,,,,,,
Review,,,,,,,,
Review,,,,,,,,
Review,,The user is trying to retrieve photos that are incorrectly timestamped.,Query mismatch due to incorrect timestamps affecting photo retrieval.,Not mentioned,"Exact date, specific file name",Not mentioned,Not mentioned,Not mentioned
Review,,,,,,,,
Review,,,,,,,,
Review,,User is trying to locate their photos stored in Google Photos after disabling automatic backups.,"Failure to retrieve any photos despite data being present, indicating a retrieval issue.",Not mentioned,Exact photos or albums they are trying to retrieve.,"Seeking advice from others on Reddit, possibly indicating a lack of effective solutions.",Occasional,Occasional
Review,,User trying to locate backed up photos on Google Photos website.,Ineffective navigation and inability to see all backed up photos.,Not mentioned,Exact date or specific photos being searched for,Checking which photos are backed up through the Photos option,Occasional,Occasional
Review,,Trying to access older photos from the web browser.,Inability to retrieve older photos due to disabled sync option.,Not mentioned,"Exact date, specific file names, or locations of older photos",Not mentioned,Occasional,Occasional
Review,,,,,,,,
Review,,,,,,,,
Review,,,,,,,,
Review,,The user is trying to retrieve photos from an old Google account that has been hacked.,Inability to access account due to hacking.,Not mentioned,Access details for the hacked account,"None mentioned, potentially looking for help",Not mentioned,Not mentioned
Review,,User is trying to retrieve lost photos after disabling automatic backup.,Lack of clarity on photo retrieval and potential confusion in navigating collections.,Not mentioned,"Exact date, specific file name, or exact folder of the lost photos.",Downloading photos periodically to a portable hard drive and using another cloud account.,Occasional,Occasional
Review,,The user is trying to retrieve deleted photos from their Google account from 2015 to 2023.,Inability to retrieve photos after a Google account deletion.,Photos from 2015 to 2023,Exact dates or specific memories associated with the photos,Not mentioned,One-off,One-off
Review,,,,,,,,
Review,,User was trying to migrate and ensure backup of photos and videos from a University account to a personal account.,Backup failure leading to deletion of files that were thought to be backed up.,"80gb videos, personal account, University account","Specific video files, exact dates, or other identifiers for retrieval.",Trying to recover files in the trash and figuring out storage limits.,One-off,One-off
Review,,,,,,,,
Review,,User is trying to locate older photos from a previous account.,Uncertainty about the preservation of timestamps when transferring photos.,Not mentioned,Exact details about the photos or events associated with them.,Not mentioned,Not mentioned,Not mentioned
Review,,,,,,,,
Review,,,,,,,,
Review,,,,,,,,
Review,,,,,,,,
Review,,The user was likely trying to back up or transfer photos to their personal Google Photos.,The user experienced issues with the backup process and felt the need to manually download and re-upload photos.,Not mentioned,Not mentioned,manually downloading and uploading photos,Occasional,Occasional
Review,,The user is trying to find a way to transfer their photos after their workspace account was disabled.,Inability to share or transfer photos after account changes.,Several priceless photos taken while traveling.,Exact details on how to retrieve the photos or options for sharing.,Not mentioned,Not mentioned,Not mentioned
Review,,,,,,,,
Review,,,,,,,,
Review,,,,,,,,
Review,,,,,,,,
Review,,User is trying to access older photos from their Google Photos account.,Account disabled preventing access to photos.,Not mentioned,Not mentioned,Not mentioned,Not mentioned,Not mentioned
Review,,Trying to retrieve older photos as a parent,Ineffective retrieval of normal photos,Not mentioned,Not mentioned,Not mentioned,Occasional,Occasional
Review,,User was trying to locate older photos stored in a Google account.,Inability to retrieve photos after account shutdown.,Found an old Google pixel with pictures.,Exact dates or events related to the deleted photos.,Using an old device to access pictures stored locally.,Not mentioned,Not mentioned
Review,,,,,,,,
Review,,User is trying to retrieve their Google Photos account and access their photos.,"Inability to access account due to forgotten username, impacting retrieval of photos.",Not mentioned,Exact email address of Google account,Checking payment information but unable to retrieve account,One-off,One-off
Review,,,,,,,,
Review,,Trying to retrieve access to Google Photos account to locate and manage photos,"Unable to recall username, leading to account access failure",Not mentioned,Exact username or email associated with Google Photos account,Considering contacting Apple for information,Occasional,Occasional
Review,,,,,,,,
Review,,,,,,,,
Review,,,,,,,,
Review,,The user was trying to locate saved photos after managing files between Google Photos and local storage.,Query mismatch or confusion about where photos are saved and how to retrieve them.,"Restored folder, Samsung S22, Google Photos app.","Exact files, specific pictures, or successful recovery method.",Asking for help with finding programs or methods to recover photos.,Occasional,Occasional
Review,,,,,,,,
Review,,The user was trying to retrieve older videos from Google Photos.,Query mismatch or inability to find a specific video.,One video retrieved from an old phone; another deleted years ago.,Exact name or details of the deleted video.,Checked old phone to retrieve one video.,Not mentioned,Not mentioned
Review,,,,,,,,
Review,,,,,,,,
Review,,,,,,,,
Review,,,,,,,,
Review,,,,,,,,
Review,,,,,,,,
Review,,,,,,,,
Review,,,,,,,,
Review,,,,,,,,
Review,,,,,,,,
Review,,,,,,,,
Review,,,,,,,,
Review,,,,,,,,
Review,,,,,,,,
Review,,,,,,,,
Review,,,,,,,,
Review,,User was trying to recover older family photos that were deleted.,Inability to retrieve deleted photos from Google Photos.,Photos that were 5 or 10 years old.,"Exact date, specific file names, exact folder.",Contacting support for recovery.,One-off,One-off
Review,,,,,,,,
Review,,,,,,,,
Review,,,,,,,,
Review,,,,,,,,
Review,,,,,,,,
Review,,,,,,,,
Review,,,,,,,,
Review,,,,,,,,
Review,,,,,,,,
Review,,,,,,,,
Review,,,,,,,,
Review,,,,,,,,
Review,,,,,,,,
Review,,,,,,,,
Review,,,,,,,,
Review,,,,,,,,
Review,,,,,,,,
Review,,,,,,,,
Review,,,,,,,,
Review,,User is trying to locate a specific album dated in November 2024.,Excessive or exhausting manual scrolling through the main timeline or clutter.,album date was dated in Nov.,exact date of the album or specific album name,scrolling right till seeing greyed out albums,Occasional,Occasional
Review,,Trying to locate a specific photo or video.,Query failure or retrieval fatigue.,Not mentioned,Not mentioned,Not mentioned,Not mentioned,Not mentioned
Review,,The user is trying to understand how to access their photo recaps and related features.,Lack of clear guidance or documentation on accessing features associated with photo collections.,Recaps based on the amount of photos taken and interaction with collections.,Specifics on how to unlock or access certain recap features.,User checked family members' Google Photos to compare features.,Occasional,Occasional
Review,,The user was trying to locate a specific photo from their Google Photos,Ineffective search results and excessive effort needed for retrieval,Not mentioned,Specific photo or exact date,Spent hours reading articles and help from Google Photos,Occasional,Occasional
Review,,,,,,,,
Review,,,,,,,,
Review,,,,,,,,
Review,,,,,,,,
Review,,,,,,,,
Review,,,,,,,,
Review,,,,,,,,
Review,,The user was trying to locate a specific album they shared.,Ineffective album navigation and unclear sharing information.,Not mentioned,"Exact album shared, specific comments to disable",Not mentioned,Not mentioned,Not mentioned
Review,,,,,,,,
Review,,,,,,,,
Review,,,,,,,,
Review,,User is attempting to find older albums in Google Photos linked to specific accounts but is unable to locate them.,Ineffective album navigation and account confusion preventing them from retrieving specific photos.,Not mentioned,Exact albums or specific photos being sought.,Checking different accounts for albums.,Occasional,Occasional
Review,,,,,,,,
Review,,,,,,,,
Review,,,,,,,,
Review,,,,,,,,
Review,,,,,,,,
Review,,,,,,,,
Review,,,,,,,,
Review,,,,,,,,
Review,,,,,,,,
Review,,,,,,,,
Review,,,,,,,,
Review,,,,,,,,
Review,,,,,,,,
Review,,,,,,,,
Review,,,,,,,,
Review,,The user is trying to find a specific screenshot using a screen name or word.,Search algorithm failure,"screenname, word","exact date, specific file name",Not mentioned,Occasional,Occasional
Review,,Trying to retrieve older photos or memories.,Inconsistency in retrieval effectiveness.,Not mentioned,Exact date or specific memories.,Not mentioned,Occasional,Occasional
Review,,,,,,,,
Review,,,,,,,,
Review,,Trying to locate specific photos of their kids from a couple of years ago after receiving a notification.,Unable to retrieve photos from previous months or years; confusion over notification content.,photos of kids from a couple of years ago,"exact date, specific file name, exact folder","checked trash/archive along with other folders on my phone, followed all the troubleshooting steps I could find online",One-off,One-off
Review,,,,,,,,
Review,,User was trying to locate photos from a specific folder in Google Photos.,Confusion about photo locations and retrieval from unbacked folders.,Messages folder,Exact date or details of the photos,Not mentioned,Not mentioned,Not mentioned
Review,,User was trying to retrieve older pictures,Lack of notifications leading to missed retrieval opportunities,Not mentioned,Exact date of the pictures,Searching for pictures days after the event,Occasional,Occasional
Review,,,,,,,,
Review,,The user was trying to locate specific photos that they expected to find in Google Photos.,Query mismatch leading to confusion regarding where the photos were actually stored.,Not mentioned,Exact location or file name in Google Photos.,Checked the 'Messages' folder instead.,Not mentioned,Not mentioned
Review,,,,,,,,
Review,,,,,,,,
Review,,The user was trying to clean up photos by deleting similar shots.,Ineffective deletion process leading to accidental loss of similar photos.,Not mentioned,Exact details on the photos being deleted.,Not mentioned,Not mentioned,Not mentioned
Review,,,,,,,,
Review,,,,,,,,
Review,,The user is trying to locate specific photos and is confused about their organization.,Confusion regarding photo stacking and retrieval issues related to stacking preferences.,One photo had a tree on the right side of the screen and another from a different spot with a tree on the left.,"Exact date, specific file names, or the exact nature of the settings.",Not mentioned,Not mentioned,Not mentioned
Review,,The user was trying to retrieve photos after moving them to a locked folder.,App crash leading to photo disappearance,Not mentioned,"Exact folder, specific file names",Trying to get photos back by fixing an old phone,One-off,One-off
Review,,,,,,,,
Review,,,,,,,,
Review,,User trying to upload a video to Google Photos.,Inability to upload video due to it not being detected in Google Photos.,Not mentioned,"Exact video file name, specific folder",Backup to Google Drive,Occasional,Occasional
Review,,,,,,,,
Review,,User was attempting to share videos and access Google Photos.,Inability to retrieve due to storage limitation impacting retrieval functionality.,Not mentioned,Not mentioned,Sharing using a different method as a workaround.,Not mentioned,Not mentioned
Review,,,,,,,,
Review,,The user was trying to find specific files to clear space on their Google Photos storage.,Endless manual effort and confusion regarding which photos used storage.,Files relating to creations they uploaded manually since June 1st.,Exact file names or specific items consuming storage.,Manually checking and uploading files to sync for free storage.,Occasional,Occasional
Review,,,,,,,,
Review,,,,,,,,
Review,,,,,,,,
Review,,,,,,,,
Review,,,,,,,,
Review,,User attempts to locate deleted Google Hangout messages/pics.,Ineffective search for specific old messages/pics.,Not mentioned,Not mentioned,Not mentioned,Occasional,Occasional
Review,,,,,,,,
Review,,The user was attempting to retrieve photos uploaded via the web after managing storage space.,Lack of search functionality for files uploaded via web.,"Files uploaded via the web, around June 1st 2021, 2000+ pictures from vacations and kids sports.","Exact names of files, specific dates beyond the start date mentioned.",Searching for pictures tagged 'uploaded via the web' and manual deletion of files.,Occasional,Occasional
Review,,User trying to locate photos uploaded from a web source.,Query mismatch or lack of filter functionality to identify web-uploaded photos.,Not mentioned,Exact upload date or album details.,Intending to do a giant photo takeout and re-upload them.,Occasional,Occasional
Review,,User attempted to locate and retrieve older photos uploaded to Google Photos.,Ineffective search results and excessive manual checking of uploads.,Photos uploaded around May 31st.,Exact file names or specific content within the photos.,Manually going through each photo to verify uploads.,One-off,One-off
Review,,Trying to retrieve or locate older photos,Endless/excessive scrolling or inability to find a solution,Not mentioned,Not mentioned,Takeout method and reuploading,Occasional,Occasional
Review,,Trying to find and organize shared photos among family and sports teams.,Cluttered photo organization and difficulty in managing shared content.,Not mentioned,Specific photos or organization methods,"Probably not worth worrying about current organization methods, waiting for future improvements.",Occasional,Occasional
Review,,The user was trying to manage storage on their phone and access their photos from a PC.,Confusion over photo retrieval across multiple accounts leading to a perceived loss of pictures.,Not mentioned,Exact photos or timeline of when they were last accessed.,Checking another account to find the missing photos.,One-off,One-off
Review,,,,,,,,
Review,,,,,,,,
Review,,,,,,,,
Review,,,,,,,,
Review,,Trying to find a photo that was moved out of a locked folder,Inability to locate moved photo,Not mentioned,Exact location of the photo after moving it,Not mentioned,Not mentioned,Not mentioned
Review,,,,,,,,
Review,,,,,,,,
Review,,,,,,,,
Review,,,,,,,,
Review,,User is trying to locate older photos from a previous device.,Difficulty retrieving photos from previous years.,Not mentioned,"Exact date, specific file name, exact folder",Not mentioned,Occasional,Occasional
Review,,The user was trying to locate a specific photo by its date.,Searching through the gallery based on date and potentially struggling with retrieval due to misplacement.,date it was taken,"exact date, specific file name",looking in the gallery at the date it was taken,Occasional,Occasional
Review,,,,,,,,
Review,,User was trying to re-label people in albums and manage duplicates after turning face grouping back on.,Ineffective album merging and recognition of already existing albums.,The name 'Jess' for the albums.,Exact dates or timestamps for the photos.,"Tried turning on and off face grouping, removing and relabeling album names.",Occasional,Occasional
Review,,The user was trying to manage and retrieve photos organized by People & Pets face albums.,Ineffective photo categorization and navigation due to album status changes.,Not mentioned,Specific groups or past statuses of albums,Not mentioned,Occasional,Occasional
Review,,The user was trying to organize photos by labeling people.,Ineffective categorization and inability to merge duplicate labels.,Not mentioned,"Exact date, specific file name, or exact folder",Not mentioned,Occasional,Occasional
Review,,,,,,,,
Review,,Labeling new photos for better retrieval,Ineffective photo labeling function not displaying options,Not mentioned,Not mentioned,Waiting,Occasional,Occasional
Review,,,,,,,,
Review,,,,,,,,
Review,,,,,,,,
Review,,,,,,,,
Review,,,,,,,,
Review,,Trying to search for specific work-related photos.,Ineffective search bar results,Relevant work images,Exact date or specific context of the photos,Not mentioned,Occasional,Occasional
Review,,The user is trying to back up downloaded photos and videos from their iPhone to Google Photos.,"Backup failure despite visible photos on the device, leading to confusion.",Not mentioned,"Exact date of the photos, specific file names.",Manually scrolling through the device to find the photos.,Not mentioned,Not mentioned
Review,,,,,,,,
Review,,,,,,,,
Review,,,,,,,,
Review,,,,,,,,
Review,,The user was trying to locate older photos from 2013 to 2018.,Inability to retrieve specific older photos.,"Photos from 2013 to 2018, including early memories with their wife and child.",Exact details of the photos from 2013 to 2018.,"Checked help center options, requested full data download, tried looking for albums.",Not mentioned,Not mentioned
Review,,,,,,,,
Review,,Attempting to find photos they have previously viewed,Difficulty in retrieving older photos from the web app,Not mentioned,Not mentioned,Not mentioned,Occasional,Occasional
Review,,,,,,,,
Review,,,,,,,,
Review,,,,,,,,
Review,,Trying to retrieve two videos from 4 years ago.,Inability to recover deleted videos.,Videos from 4 years back,"Exact date, specific file name, or folder",Not mentioned,Not mentioned,Not mentioned
Review,,The user was trying to locate or retrieve older photos from Google Photos.,Potential issue with accidental deletion causing inability to find photos.,Delete action in 2019,Exact files or photos that were deleted,Not mentioned,Occasional,Occasional
Review,,User received a Google Photos Memory but it disappeared.,Ineffective retrieval of past memories or photos after an element disappeared.,Memories received in a photo memory.,Exact content of the memory that disappeared.,Trying to find it via Android Phone or PC.,Not mentioned,Not mentioned
Review,,Searching for past memories or photos stored within Google Photos,Uncertainty about the location or availability of memories within the app,Memories,Specific details about the photos or dates,Not mentioned,Occasional,Occasional
Review,,The user is trying to find specific memories on Google Photos.,Failure to locate memories feature despite expectation.,Not mentioned,Exact memories or specific visuals expected to be found.,Not mentioned,One-off,One-off
Review,,,,,,,,
Review,,,,,,,,
Review,,,,,,,,
Review,,Trying to find older photos.,Inability to retrieve old pictures.,Not mentioned,"Exact date, specific file name",Not mentioned,Occasional,Occasional
Review,,Retrieving old photos stored in the cloud,Concerns about the reliance on cloud storage leading to potential loss of photos,Not mentioned,Not mentioned,Not mentioned,Not mentioned,Not mentioned
Review,,,,,,,,
Review,,User is trying to upload a complex folder structure of family photos into Google Photos.,"Inability to upload multiple photos organized in folders at once, leading to manual effort and potential errors.",Family photos organized by year.,"Exact dates of individual photos, specific folder names.",Manual uploading of each photo one-by-one.,Not mentioned,Not mentioned
Review,,,,,,,,
Review,,,,,,,,
Review,,User was trying to locate a specific photo of their child that may have been flagged by Google.,Uncertainty around flagged photos leading to anxiety about data access.,A photo of their 11-month-old without clothes in the bathroom.,Exact date or specific identification of the flagged photo.,Taking a hard backup of the data.,Not mentioned,Not mentioned
Review,,,,,,,,
Review,,,,,,,,
Review,,,,,,,,
Review,,,,,,,,
Review,,,,,,,,
Review,,,,,,,,
Review,,,,,,,,
Review,,,,,,,,
Review,,,,,,,,
Review,,,,,,,,
Review,,,,,,,,
Review,,,,,,,,
Review,,,,,,,,
Review,,,,,,,,
Review,,,,,,,,
Review,,,,,,,,
Review,,,,,,,,
Review,,,,,,,,
Review,,,,,,,,
Review,,,,,,,,
Review,,,,,,,,
Review,,Searching for a specific photo from a trip taken last year.,Search algorithm failure,"last year, trip","exact date, specific file name",Not mentioned,Occasional,Occasional
Review,,,,,,,,
Review,,,,,,,,
Review,,,,,,,,
Review,,The user is trying to confirm if they can access certain photos from their laptop.,Confusion regarding the visibility of photos that are not backed up.,Not mentioned,Specific photos or videos that are not backed up,Checking from laptop,Occasional,Occasional
Review,,,,,,,,
Review,,,,,,,,
Review,,,,,,,,
Review,,,,,,,,
Review,,,,,,,,
Review,,User wants to manage and control their photo storage without Google Photos interfering.,Excessive storage being consumed by Google Photos despite disabling the app and turning off backup.,Not mentioned,"Exact date, specific file name, or how to stop Google Photos from using storage.",Deleted all photos from Google Photos and disabled the app.,Frequent,Frequent
Review,,,,,,,,
Review,,The user is frustrated with the inability to remove the app from their phone.,Excessive or exhausting manual scrolling through the main timeline or clutter.,Not mentioned,"Exact date, specific file name, exact folder",Not mentioned,Not mentioned,Not mentioned
Review,,,,,,,,
Review,,User is frustrated with the retrieval process in Google Photos.,Endless scrolling or inability to stop frustration with the app.,Not mentioned,Exact date or specific photos,Not mentioned,Not mentioned,Not mentioned
Review,,,,,,,,
Review,,The user was trying to retrieve specific camera videos recorded before a factory reset.,Query mismatch; the user cannot locate specific videos despite the backup being enabled.,Videos recorded on June 20,Exact file names or specific location within the app where videos might be stored.,"Checked Google Photos app, recent items, Trash/Bin, Google Drive, and all Google accounts.",One-off,One-off
Review,,The user is trying to find specific camera videos recorded on June 20 after restoring their phone.,Retrieval failure due to missing videos after backup restoration.,"June 20, several camera videos",Specific file names or the exact reason for backup failure,Checking multiple locations for the videos,One-off,One-off
Review,,The user is trying to locate specific older photos or videos.,Ineffective search functionality leading to frustration while trying to find specific items.,Not mentioned,"Exact photos, videos, or specific time frame.",Not mentioned,Occasional,Occasional
Review,,,,,,,,
Review,,,,,,,,
Review,cnandan kuamr 💗❤️,,,,,,,
Review,nic,,,,,,,
Review,it is so easy to create videos with just a picture,,,,,,,
Review,Ok,,,,,,,
Review,Easy to operate,,,,,,,
Review,Éxcelleñt,,,,,,,
Review,vv good 👍😊,,,,,,,
Review,superb,,,,,,,
Review,Zulesulemana@,,,,,,,
Review,Kitna bhi purana photo Ho vah Gmail per mil jaega,,,,,,,
Review,EPINGLEE ESTRONG PINNED 📌 📍 📌 📍,,,,,,,
Review,just don't keep changing things,,,,,,,
Review,so great 👍,,,,,,,
Review,just second! i need to thank you for helping me these last 4 years! I greatly appreciate you a lot! you have no idea!!!,,,,,,,
Review,privacy,,,,,,,
Review,it's great,,,,,,,
Review,Good,,,,,,,
Review,sakill SAKill50000🥰,,,,,,,
Review,i want to grow my account,,,,,,,
Review,"it's a perfect photo app it has tons of helpful things for your photos, like Gemini AI, AI editing, folders, collections, collages, and more for your photos!",,,,,,,
Review,very good experience 👍 for this aap,,,,,,,
Review,My favourite,,,,,,,
Review,good app delete image recycle easy,,,,,,,
Review,juejje,,,,,,,
Review,"I tried it once, but amount that was granted to me wasn't enough to solve my financial problem.",,,,,,,
Review,excellent,,,,,,,
Review,ok,,,,,,,
Review,🫴🏻❤️‍🩹❤️‍🩹❤️‍🩹❤️‍🩹,,,,,,,
Review,good 😊,,,,,,,
Review,wow,,,,,,,
Review,yasaswi,,,,,,,
Review,excellent,,,,,,,
Review,the app does not download,,,,,,,
Review,nice spce,,,,,,,
Review,The Magic Eraser Feature Still Isn't Working In Pixel 6,,,,,,,
Review,ψ̷̨̢̡̧̢̡̨̨̡̢̨̨̢̢̨̛̛̛̜͔͚͖̱̤̼̣̞̘̜̰͓̟̤̟̹̹̬͕͔̱̩̱̟̘̹̗̼̰̻̹͎̙̗̝̯͖̝̜̲̖̠͈͖̘̺̮̮͚̳̪͎͖̫͈͙̪̰̰̜̲̮̖̮̹͇̲̞̺̞̲̯̫̠͖̝͎͍̘̠̹̬͚̣̫̫͉̲̺̤̤͍̠̖͍̼̲͍̗̹͓͔̼̺͕͖͕͍͖̜͖͖̻̦͍̳̦̩̥̪͚͈̫͖̳̲̥̥͍͙͉̰̯̣̖͇͈̭̺͓̦͍̗̥̥̗͙̻͖̣̰̗̙̻̤̘͍̮̪̩̫͙͖̲͔̠̮̭̭͓̘̼̬͈͓͙̺̝̲͍̳͖̬̮̼̦̖̗̩̭̳̯̜̳̅͑̿̓́̆͛͑̀͒̾̿́̄̔̀͆͜͜͜͜͜ͅ ̷̧̢̡̡̡̢̡̡̢̢̨̢̨̢̨̡̛̣̱̲̣͙̺͍̜͕͉͇͖͇̰͓̜̻̥͖̫̙̖͙͇̼̩̙̬̹͙͙͇͖͔̻͖̜̯̳̹̗̻̜̺͈̮̖̲̟̱̥̖̖̟̼̞̟͚̥͔͎͚͚̠͖͓̲̺̺̲͈͈̰͓̦̞̫̤͉͓͔̦̻̖̳͓͍͚͇̻̱̱̬̯̼̘̜̻̙͕͚͕͉̻̲̰̹̯͍̗̤̘̪͆̊͐̍̒͋͆̆͗͑̓͂̀́̇̊̔̓̈́̽̿͊̈́̾̈̓̂̉̊̈́͆̿͑́̓̂͑̂̂̃̈́̌̐͗͐̍̇͌̍͗̾͐̈̑̌̓̈̀̋͐̾̄͛͛̋̿́͊͂̅̓̅̾͂̌̽̋̍͒͆͊̈́̓̌̑̂͛̅͐̇̎́̀̿͛̄̔̒̌́͂̔̎̄͐̈́̾̕͘̕͘̚̕͘̕̕̚͜͝͠͝͝͝͝͝͝͝ͅͅ,,,,,,,
Review,vefy good,,,,,,,
Review,an excellent app for android users,,,,,,,
Review,orgasmic,,,,,,,
Review,"Why did you remove grid view?! There are so many things going wrong with this app in the last couple of years. 'Improvements' seem to cater to mindless users who want less choices. I'll be migrating my entire library and leaving gphotos at long last. Idk why I'm even leaving a review... like Google is gonna magically go, 'Wait! We care and will make it right immediately'. How far we have fallen from, ""Don't be evil"".",Trying to locate and retrieve older photos or memories,Excessive or exhausting manual scrolling through the main timeline or clutter,Not mentioned,Not mentioned,Migrating entire library and leaving Google Photos,Not mentioned,Not mentioned
Review,backup photo,,,,,,,
Review,good ❤️,,,,,,,
Review,ok,,,,,,,
Review,best gallry,,,,,,,
Review,good,,,,,,,
Review,the app is nice but I can't watch my old picture and video without data,Trying to view old pictures and videos,Inability to access photos without data connection,Not mentioned,Not mentioned,Not mentioned,Occasional,Occasional
Review,Awesome 👍,,,,,,,
Review,ok,,,,,,,
Review,"The widget has no album option. it kind of feels like a major oversight because it seems like the most obvious option, but for some reason you're not really given any control of the photos that go up other than faces and moments. Both of those you don't really have the most control over and are curated for you. It's also strange because they don't even have the second obvious one, Favorites.",The user was trying to control or curate the photos displayed in the widget.,Lack of control over photo display and retrieval options in the widget.,Faces and moments,"Specific album options, favorites",Not mentioned,Occasional,Occasional
Review,satisfied 😌,,,,,,,
Review,super,,,,,,,
Review,what's your problem,,,,,,,
Review,bhut hee badiya app h aap exact time ⌚ pr old memories dikhata h 👍👍👍,,,,,,,
Review,good,,,,,,,
Review,"all Ai features are missing on Motorola Razr Fold, no eraser etc nothing, even though I have a Google One subscription (soon to be cancelled now ) edit: I have over 300Gb of free space on my device",,,,,,,
Review,yes very warmer. is good,,,,,,,
Review,i really appreciate,,,,,,,
Review,no one people not shown,,,,,,,
Review,#THEBEASTSYSTEM #LUCIFERTHEDEVILGOD #allisgoingtToHELLS 👿 Google its terrorists are going to PAY FOREVER IN HELLS ONLY 🔥🔥🔥 after 2026 Google will be banned 😈 HAIL LUCIFER,,,,,,,
Review,superb,,,,,,,
Review,Awsome,,,,,,,
Review,This is osm,,,,,,,
Review,The app is absolutely good,,,,,,,
Review,ok hai darling,,,,,,,
Review,Alal Khan Ayaan,,,,,,,
Review,so far so good no complaints,,,,,,,
Review,I can't seem to find all my photos,User is trying to locate older photos.,Retrieval failure due to inability to find specific photos.,Not mentioned,"Exact date, specific photo/event details",Not mentioned,Occasional,Occasional
Review,👌,,,,,,,
Review,very grit😘😘,,,,,,,
Review,amazing,,,,,,,
Review,good,,,,,,,
Review,Exclusive,,,,,,,
Review,The latest update is horrible. Photos used to have the most amazing AI search. The search in this version is HORRIBLE. You keep becoming more like Apple and iPhone every day,Trying to use the search feature to locate older photos or specific memories.,Ineffective search bar results.,Not mentioned,Exact dates or specific photos,Not mentioned,Not mentioned,Not mentioned
Review,nice,,,,,,,
Review,good nice very well,,,,,,,
Review,bad,,,,,,,
Review,purani yadein taja ho jati hai,,,,,,,
Review,I'm fine with it,,,,,,,
Review,KINDLY TAKE OFF : SAVE COPY. It's cluttering and placing pics in the beginning. I need easy organization to be able to go back to finding and making videos. Thank you,User was attempting to organize and locate older photos for video creation.,Excessive clutter and poor organization impacting photo retrieval.,Not mentioned,Specific photos or events,Not mentioned,Occasional,Occasional
Review,nice,,,,,,,
Review,wow,,,,,,,
Review,I am very satisfied with this application.,,,,,,,
Review,Dropped 2 stars just cuz of the disappearance of drag to select feature,,,,,,,
Review,Nice,,,,,,,
Review,it's really great I use all time,,,,,,,
Review,good,,,,,,,
Review,ভেরি নাইন,,,,,,,
Review,awesome,,,,,,,
Review,good 😊👍,,,,,,,
Review,good,,,,,,,
Review,"The best - if only if didn't keep bringing up that damn ""Review out-of-sync changes"" message all the time, made worse by then taking forever to process!",User was likely trying to retrieve or access older photos while facing interruptions.,Continuous pop-up notification causing disruption during retrieval process.,Not mentioned,Not mentioned,Not mentioned,Frequent,Frequent
Review,good,,,,,,,
Review,this is a most likely,,,,,,,
Review,pocoyo season 6,,,,,,,
Review,stunning,,,,,,,
Review,"Latest update applied (9/17/2026) has corrupted my SD card in my Android phone. All was working fine until the update was installed today. Opening Google Photos caused my SD card images to be resorted, then disappeared, and apparently unmounted the SD card. Both Android & Google Photos want to format the SD card when the ""fix"" prompt is clicked. Avoid the update until the bug is corrected in the next build release.",The user attempted to access their photos stored on an SD card after an update.,Cognitive overload due to attempted retrieval failures and corrupted files.,Not mentioned,Specific details regarding the photos or videos that are inaccessible.,Avoid the update until the bug is corrected.,Not mentioned,Not mentioned
Review,Very good 😊,,,,,,,
Review,nice,,,,,,,
Review,amazing,,,,,,,
Review,Magic eraser stopped working across all my devices: the other day it would erase but then was 'unable to save changes' and today it just spreads the whole picture out into a wide screen squashed format!!!!!,,,,,,,
Apple App Store,"My inventory/boosters decreased significantly for no reason which took me months to build e.g., watching a plethora of Ads, winning Team levels, winning races, etc. So this unexpected change in my inventory/boosters that decreases various boosters is frustrating & disappointing. This has happened occasionally in the past—how is the issue remedied presently?",,,,,,,
Apple App Store,"Anyone else annoyed at how the game seems to just take over at some point ? I want to make matches but the game keeps giving me these “boosters” and they keep making the matches for me! I can’t avoid them! I want to play the game myself, NOT watch the game just carry on making matches for me. Ugh, so frustrating and annoying! And what happened to the candy noises when you make a match? They used to have this really satisfying sound but not anymore. Oh well.",,,,,,,
Apple App Store,So cool and I love how the teams have cool names and the levels make me be strategic and happy,,,,,,,
Apple App Store,"Game is overall good , downloaded thinking it was about challenging your brain and patience to bad is more like if you don’t buy or expend money you’ll never make it through levels , very understandable is all about business and  is awful and very disappointing one star is enough . BAD GAME 🫡",,,,,,,
Apple App Store,"Cite, emoji movie",,,,,,,
Apple App Store,Love it,,,,,,,
Apple App Store,Daily Treat Machine needs to add the Start button and Booster Wheel needs to start at 12:00AM midnight and fix all bugs and repair all to set them to 12:00AM midnight IMMEDIATELY!!,,,,,,,
Apple App Store,have been playing candy crush for years and recently noticed it was looking a bit ai sloppy. A quick Reddit check confirmed they have laid off real employees and are implementing ai now. Will not support that. Goodbye candy crush. If you ever find your moral compass again I’ll be back.,,,,,,,
Apple App Store,"I’ve had this game for over a decade. My pet peeve is sometimes I have to set my phone down for real life responsibilities, but it closes out my round. Another game that I play picks up right where I left off. I wish this one would do the same thing. When it closes out in the middle of my game and I lose the progress and it starts me over on a streak, I literally don’t play for months because it makes me so frustrated.",,,,,,,
Apple App Store,Left for a while and redownloaded the game only to find that the graphics are terrible. Reminds me of playing on a Commodore 64. Whoever decided this was a good idea should be fired.,,,,,,,
Apple App Store,This is the best game it get me thinking,,,,,,,
Apple App Store,"They removed the original music, story, characters, original sounds, everything that made the game fun and unique.",,,,,,,
Apple App Store,"Returning after a LONG absence 
Same, NO❣️ More enjoyable than ever before.
You all are still Crushing it🥳

Thank you for the upgrades and the bug fixes. I feel a BIG improvement while playing now and move easier in levels except those pesky very hard ones HaHa 😬

Thanks for nicer competitive play 

Loads of patterns and possibilities. Great extra side games

Hopefully this rating will post
Constantly asked, I post never see nor get prize for rating

I enjoy but hate it when I get unlimited lives then I'm hit a road block and my accumulated hours are wasted waiting for others to help me with pass

All in all this game needs to figure out how to apply what other games have as perks 

I never buy anything 
I learned my lesson during the AOL age of time.  

So I treat these games like 
""Oh well, I just ran out of quarters"" 

I borrow from a friend or wait until I am replenished by game

Can u imagine ....
if you had a jar and put in .25¢ for each game 
Then when all died off, you put in another .25¢ which  you replenished from life gifts.

We all would be rich!!!!

We might be able to curb the game addiction 
Easier to get addicted to these games as they do not have a ""Deposit Coin Slot""

We didn't have credit cards in the arcade era
I find the trick is play with the mentality of the 80's arcade
Boy I bet parents today WISH all they had to do was hand off a $10. roll of quarters
Lol joke is on them parents now.... Looking back we were cheap in comparison to nowadays 
😂😂😂
I further bet they wish those arcades were back
At least we actually, physically interacted with humans not only machines 
From asking for our pay""allowance"", getting to a place with a game
Of course finding the right one we wanted to play, finding that second player, and learning to ask for change - era before change MACHINES 
When people worked with machines; now who have been replaced by machines and are obsolete 

2001 space odyssey ??
🤔🤔🤔🤔
Enjoy those FREE games now",,,,,,,
Apple App Store,I won an episode even paid cash to continue on to be able to win the episode and I never received gold bars going on 3 days. Then I report the issue I got a response that it was a known issue and I still don’t have my gold bars….,,,,,,,
Apple App Store,Great game,,,,,,,
Apple App Store,"The harder levels are literally designed to be impossible unless you have a lot of boosters or gold, which if you run out, you’ll have to spend money to get more. This game is a cash grab and a waste of time.",,,,,,,
Apple App Store,"I was double charged 5.97 . I called Apple and they confirmed it and requested a refund and also left Candy Crush a email review about this. I would like to be compensated the exact same amount of bonus rewards that I paid for along with my refund for this fraudulent transaction and inconvenience. I’m on level 17,206 so I’ve been playing a long time and spent a pretty nickel with the game. I expect this compensation asap. Thanks in advance Sincerely, angry customer.",,,,,,,
Apple App Store,This Game is Very Relaxing and I get Very Chilled Out Playing this Game and It helps me to Pass the Time Quickly,,,,,,,
Apple App Store,It’s unlikely to give special move to win fast fast cooked trip n trucks.,,,,,,,
Apple App Store,Bad,,,,,,,
Apple App Store,My Favorite GAME 👏🏻🥰CANDY CRUSH 👍😁,,,,,,,
Apple App Store,"I have been playing for 14 years, since it came out. The recent changes are maddening!! So you're, now, taking away gold bars from race wins, receiving no more than 4 extra moves, no more UFO boosters with said extra moves, rewards are almost nonexistent anymore AND ads are longer than ever!!?? I have played the same Legendary for 3 days, no way to win w/o help!! This has always been my go to time passer!! Not anymore!! If you've lost me, I'm sure you've lost a lot more that have put so much time and effort into your game!! Unless you change it back, I would not recommend this game to anyone!!",,,,,,,
Apple App Store,"this gets boring fast unless your grinding, all the ads are really annoying.",,,,,,,
Apple App Store,For me level 128 is a little too hard,,,,,,,
Apple App Store,Game froze after update and you can’t get past where I want you to play the race. Could you please fix it? I’m in between games 2195 and 2210.,,,,,,,
Apple App Store,"everytime im in the tournament to win GOLD bars, even if i dont close the game it gets restarted some way. If i dont join the tournament, the progress is there even if i go back to another game without closing the application on background. Funny",,,,,,,
Apple App Store,"After the upgrade, I purchased a party blaster & UFO launcher and used (well, tried to) them a couple of times but not one  worked. Buyer beware! Can’t find a way to reach out to support, and don’t expect to get my money back anyway, but just know this game is broken and you won’t get what you paid for",,,,,,,
Apple App Store,Junk and only want to piss you off to buy more! DONT! It’s a joke. I’d give em -0 stars if I could after many years!,,,,,,,
Apple App Store,"Dear King I urge you to please bring crash on the run back even though that I,m supposed to make a review about Candy crush shack, which I used to have, but if you could possibly please bring it back maybe talk to Activision and maybe you can bring it back please and thank you",,,,,,,
Apple App Store,👍🏼,,,,,,,
Apple App Store,The Candy Royale game pop up is annoying. Doesn’t give you an option to not participate in it,,,,,,,
Apple App Store,"I’ve played this game for years since it came out, here recently I did something idiotic and put money into the game. When that happens, the account is viewed as an account who will or has spent money. So any “free” or “ad” based rewards or extra lives will never reappear after buying into the game. It’s ridiculously predatory. So if you got stuck, spent cash, you will forever stay stuck on a level — play the game, don’t fall into the money pit !",,,,,,,
Apple App Store,All lm gonna say is that yes no WIFI on ads and give this game a chance to speak and give them a good review and 5 stars!!!,,,,,,,
Apple App Store,"Yea the game is like 17 years old I remember when it just came about, I’m disappointed how the game has changed so much, people only play the OG candy crush for nostalgia, even the iconic music when it first came about is gone, it’s more over stimulating now, they should have left the game exactly how it was aesthetic wise.",,,,,,,
Apple App Store,Just an ad pusher,,,,,,,
Apple App Store,N,,,,,,,
Apple App Store,I love this app,,,,,,,
Apple App Store,"Cramped, sea sickness scrolling a generic BORING map with awful new music. All the original music is gone!!!! 😡 it was perfect for the last what? 14 years? I had fond memories of playing maternity leave when my oldest was born. This is a tragedy. Absolutely criminal. I opened the game to enjoy old times and it isnt candy crush anymore. Completely bastardized. The old map was perfect. This entire new format is horrid. I cannot play this anymore. Good bye 😔",,,,,,,
Apple App Store,Tôi muốn Super Sugar Crush để thấy thêm một thứ mới lạ.,,,,,,,
Apple App Store,"I really really enjoy this game. HOWEVER: Since I'm struggling to find out how to contact the Candy Crush team, I shall do so here. I think it's insane that I can log into my account, pick up at the level I was at, but lose everything else. I just got a new phone for the first time in years and, for whatever reason, my plethora of boosters/items and lives sent from friends are GONE. That makes no sense. It's the same account but ""boosters aren't transferrable""??? ""It's recommended you use it on the other device"" blah blah blah. WHY??? I earned them and held on to them for a reason. I used my gold bars to pay for some of them. I'm honestly pretty livid that when I finally have the storage space to add this game back to my phone, I only get to come back to my level and none of my other progresses. What's the point? It's the most ridiculous restriction I've ever seen. Gimme my stuff.",,,,,,,
Apple App Store,Music Hi 👋 doing 📺tv🛋️Elianna I love you 🫶💙😘,,,,,,,
Apple App Store,"I haven’t played this game in such a long time (in years), and I truly miss the old theme song and sound effects, but seeing the game gives me satisfaction, true nostalgia after nearly 5 years.",,,,,,,
Apple App Store,I’m loving this game,,,,,,,
Apple App Store,"They constantly take back paid boosters till you call them out. So if you use your boosters right away they disappear, so fast if have to screen shot them as proof. They make it difficult to get them back. Very sad all the money they make and then feel the need to steal from faithful users",,,,,,,
Apple App Store,"I hate your ads. It always locks up whatever game I’m playing, freezes it, and cancels the rewards in those games half the time. Your ads ALWAYS opens up my browser, and the App Store, as if forcing me to download this game again. No!
I did have a good time with this game in the past, but I just got tired of it and moved on. So stop forcing people with your annoying ads.",,,,,,,
Apple App Store,"I’ve been playing this game for years and have really enjoyed it. However, recent changes have made it extremely annoying. 

New background visuals that you are unable to turn off, interfere with play. When you lose a game, you end up getting an incredibly disgusting yeti eyeball situation or other features saying Bravo (or whatever) when you didn’t even WIN! 

It’s no longer a relaxing puzzle escape as advertised",,,,,,,
Apple App Store,"Man, how I love this game. The entire summer I have been  utterly HOOKED. I spend too much on lives… it’s almost like a gambling addiction. The flashing lights, the vibrations, the deep voice and now NOT SHANIA!! I only wish that if we buy lives and they give us extra, that it would roll over. I also don’t like that sometimes things you buy don’t show up immediately. I love the game, so whataya gonna do?!",,,,,,,
Apple App Store,"So many ads are several clicks to get rid of them.  They are annoying!  I don’t need financial services, don’t need toys or new apps.  99% not relevant!",,,,,,,
Apple App Store,Verygood,,,,,,,
Apple App Store,Yall have to get this it is soooo fun ad free you can have a group of friends you can have cute icons and it is satisfying when you are about to finish the game everything explodes so cool I love this game so MUCH get this game definitely 5 stars ⭐️,,,,,,,
Apple App Store,Took all coins when I accidentally swiped on something to buy. Didn’t give a choice to make sure I wanted the item.,,,,,,,
Apple App Store,"I have noticed the great amount of differences since I have left and returned. It used to be that passing 10 was a big challenge. Now, the game allows the player to enjoy the game and just be apart of it. Plus, the music is great and there are a lot more activities. For the love of the game, huh",,,,,,,
Apple App Store,"this game is the most relaxing game i have ever played but  can we have less adds? EVERYTHING
 is good except all the adds",,,,,,,
Apple App Store,Sometime this game really cheat,,,,,,,
Apple App Store,Play,,,,,,,
Apple App Store,i can’t even play the game properly without pop ups for the game showing up everytime,,,,,,,
Apple App Store,The bird ad keeps crashing the candy crush app.,,,,,,,
Apple App Store,I play this when I’m in a total relaxed state.,,,,,,,
Apple App Store,i do not play it anymore but years ago with my dad we played this game non-stop. This game is really great i hope it is today thanks for creating some really nice memories. Thanks!,,,,,,,
Apple App Store,"The “Caramel cup” is a bridge too far. Expecting people to win 3 episode races without winning a single gold bar is a bridge to far. My reward for making it to level 10,000 and winning 30+ episode races in a row is, surprise, no gold bars, no rewards for winning.
How greedy will you get. Not to mention some people can watch videos to earn, and stockpile gold, while I have never once been given an opportunity to watch videos for gold, or lives. It’s win, or pay, and if you don’t pay, you can’t win. Thank you caramel cup for ruining candy crush.
I’ve had enough.",,,,,,,
Apple App Store,I love candy crush saga it is fun relaxing and the best,,,,,,,
Apple App Store,Omg PLZ take Shania off. I am not trying to listen to a love song at all while playing a game. Even more so when it’s on REPEAT!,,,,,,,
Apple App Store,"Every single week there’s an update that makes it harder and harder to get gold. They just want players to spend real money on gold bars, as if these people don’t have enough money. Absolutely ridiculous.",,,,,,,
Apple App Store,Its a good game,,,,,,,
Apple App Store,"I have noticed that when you get close to winning an episode, the algorithm switches up on you. A move that would typically clear quite a bit of objects, suddenly falls flat. Then you notice that it keeps happening until you’ve lost all of your lives and then you’re stuck for a very long time unless you buy! I can’t count how many times I’ve gotten stuck at the last game in an episode just to watch someone else win who was several levels back! My guess is that they paid to win! That’s pay to play and it sucks!",,,,,,,
Apple App Store,Very fun,,,,,,,
Apple App Store,I love this game so cute,,,,,,,
Apple App Store,Super Fun and Engaging!,,,,,,,
Apple App Store,"I deleted your game for a reason stop making your ads go to my browser, then to the App Store to redownload your dumb game when I try to exit the ad! I don’t want it! Literally giving yourself a bad review because of your annoying ads on top of an annoying game!!",,,,,,,
Apple App Store,The best game of all time.,,,,,,,
Apple App Store,AI ADS absolutely ridiculous ai is ruining our planet get a grip,,,,,,,
Apple App Store,"I’ve been playing this game for a long time. The pop-up are minimum
7-10 clicks before I can even play the dang game. Like come on we’re sold to enough, have enough noise and now I have to click through all these little pop-up windows just to play is frustrating",,,,,,,
Apple App Store,Why do you always lock it so you loose all your. Why does this happen all the time if you don’t want us to play just take it off unlock my game please it’s not worth it anymore locks up everytime,,,,,,,
Apple App Store,this is a good game,,,,,,,
Apple App Store,"Been playing till level 15,035 but is really annoying when you use the special rewards they’re supposed to help you and not screw you when you’re almost done and winning the level 😒 I'm done playing this, it was fun but it gets frustrating when this things happens..",,,,,,,
Apple App Store,"The game is fun up to a point. Sooo many ads! And recently the ads are glitchy- you can’t get out of them unless you completely close the game and restart. Candy Crush’s solution to use your phone’s back button doesn’t work as you can’t access the back button from the ad. They also suggest to report a faulty ad, but how?? There is no way to do so",,,,,,,
Apple App Store,If I get one more ad in any other app for candy crush I swear I’ll build a bot to ruin the reviews.,,,,,,,
Apple App Store,I love it 😌💕,,,,,,,
Apple App Store,🤩🤩,,,,,,,
Apple App Store,deleted the game after finding out you are okay with destroying the planet with your use of AI slop.,,,,,,,
Apple App Store,"I regret this new update and I realize 
the difference.
I have been playing for DECADES and I miss several items the original pieces had before.

SEPTEMBER 2026
Not all levels have the same candy sizes it’s smaller and it HURTS MY EYES TRILLIONS 👎

I just noticed that I DID NOT SEE THE PERMISSION TO HAVE PREFERENCES OF ALLOWING AND NOT ALLOWING APP TO TRACK YOU!

I DO NOT AGREE TO LET THIS APP TRACK ME!

The rewards no longer showed what you earned a lot of changes occurred during the DECADES I AM PLAYING THIS GAME AND I NOTICED SOME GREAT CHANGES BUT LATELY THIS IS THE UTMOST WORST BOOSTERS AREN’T WHAT THEY USED TO BE!

ADS
Just now it showed watch AD and get 3 lives yeah right I GOT ONLY 1 definitely ENTRAPMENT! SHADY DEVELOPMENT! AKA BAIT AND SWITCH!",,,,,,,
Apple App Store,"Prizes keep getting smaller, levels keep getting more impossible, with everything designed to encourage you to spend money, of course.",,,,,,,
Apple App Store,I actually see very little new stuff in the game. Yes the Music event is new and I don’t remember the races from eons ago but it is just as hard to win as it was at the beginning unless one has money to burn.  So unfair.,,,,,,,
Apple App Store,Hate the new update. I don’t like the spinning wheel in the “don’t lose your progress “,,,,,,,
Apple App Store,This is a Super Fun game! There are so many levels it is an exciting game. You will love this classic game!,,,,,,,
Apple App Store,word,,,,,,,
Apple App Store,Caseydecker,,,,,,,
Apple App Store,Fun to play!,,,,,,,
Apple App Store,Its fun,,,,,,,
Apple App Store,I keep redownloading this app but every time I do I just can’t get through this one hard level most likely 45 or something I can’t remember. But still it’s a good game but way too hard for my brain to comprehend,,,,,,,
Apple App Store,"Terrible game now. I have been playing for 10+ years and on level 22,000+. Takes me weeks to pass one level now and I refuse to pay for extra chances. Hate the change to having to purchase items to be able to play.",,,,,,,
Apple App Store,تكسير خشوم,,,,,,,
Apple App Store,I’ve made 3 purchases and did not receive the purchase yet you kept my money. I’ve emailed numerous times to no avail. Stay away from purchasing in this app,,,,,,,
Apple App Store,For the last 3 days this game has been frustrating to the point I want to delete it. You waste time watching 2 minutes of adds to get 5 extra moves and then the ads get stuck or are broken and you get nothing and then u lose the round. No easy way to tell you in the game. I’ve tried multiple times over the last three days to see if glitch gets fixed but no. Please fix or just remove the ads.,,,,,,,
Apple App Store,Very well,,,,,,,
Apple App Store,You lost me thousands!,The user seems to be frustrated about losing access to many photos.,Implied retrieval failure leading to abandonment of the search.,Not mentioned,Not mentioned,Not mentioned,Not mentioned,Not mentioned
Apple App Store,"Te roba tu dinero, si haces una compra de 2.99 te cobran 21.93 va me pasó varias veces por no fijarme",,,,,,,
Apple App Store,Period,,,,,,,
Apple App Store,This game is fun and addicting I love it so much and it’s great for road trips and at boring times,,,,,,,
Apple App Store,So good!,,,,,,,
Reddit,,User trying to export an album of photos.,"Query mismatch, potential for incomplete retrieval of photos.",Albums with just over 100 photos.,Exact photos or specific files being exported.,Clicking the export button multiple times and refreshing the page.,Occasional,Occasional
Reddit,,,,,,,,
Reddit,,,,,,,,
Reddit,,The user was trying to share photos directly from Google Photos to WhatsApp.,Query failure related to sharing functionality.,Not mentioned,Not mentioned,Not mentioned,Occasional,Occasional
Reddit,,The user is attempting to locate older photos that have incorrect dates due to metadata issues.,Query mismatch due to incorrect metadata leading to older photos appearing in the wrong year.,"2022/2023 photos, looking for specific images from those years.",Exact dates for specific images.,Checking the web version of Google Photos to verify the correct timeline.,Occasional,Occasional
Reddit,,,,,,,,
Reddit,,User is trying to retrieve specific photos organized into albums for posting on Instagram.,Excessive or exhausting manual scrolling through a cluttered photo library.,"Albums curated from events that spanned across many years, locations.",Exact dates or specific file names of the photos.,Tried downloading via desktop site but nothing happens; contemplating redownloading photos.,Not mentioned,Not mentioned
Reddit,,Trying to upload photos from Google Photos to Instagram.,"Lack of syncing feature between Google Photos and Instagram, requiring manual intervention.",Not mentioned,Exact folders or specific photos they wanted to upload.,Downloading specific folders to a PC and then transferring to the phone.,Occasional,Occasional
Reddit,,,,,,,,
Reddit,,,,,,,,
Reddit,,,,,,,,
Reddit,,,,,,,,
Reddit,,User is trying to retrieve older photos using face detection.,Ineffective face recognition leading to missed photos.,Older and newer photos with faces.,Specific examples of missed faces.,Disabled and re-enabled the face detection option.,Occasional,Occasional
Reddit,,,,,,,,
Reddit,,,,,,,,
Reddit,,User is trying to organize and retrieve older photos more effectively.,Ineffective search algorithm and manual sorting inefficiencies.,Photos from specific months and recognition of faces in pictures.,Exact dates or specific pictures being referenced.,Creating monthly albums to help with organization.,Occasional,Occasional
Reddit,,,,,,,,
Reddit,,Attempting to use face recognition to find specific photos,Ineffective search algorithm for face recognition,Faces of people over a 20 year span,Exact faces or photo details,"Set up Immich locally, which is better for face recognition",Frequent,Frequent
Reddit,,,,,,,,
Reddit,,,,,,,,
Reddit,,,,,,,,
Reddit,,,,,,,,
Reddit,,,,,,,,
Reddit,,,,,,,,
Reddit,,,,,,,,
Reddit,,,,,,,,
Reddit,,,,,,,,
Reddit,,,,,,,,
Reddit,,,,,,,,
Reddit,,,,,,,,
Reddit,,,,,,,,
Reddit,,,,,,,,
Reddit,,,,,,,,
Reddit,,,,,,,,
Reddit,,User was trying to retrieve their locked folder backup in Google Photos.,Failure to locate the locked folder across different accounts and interfaces.,Locked folder backup,Not mentioned,Switching Google Accounts in the app and then switching back,Occasional,Occasional
Reddit,,,,,,,,
Reddit,,,,,,,,
Reddit,,,,,,,,
Reddit,,,,,,,,
Reddit,,,,,,,,
Reddit,,The user is trying to locate important photos and videos from a device that was recently stolen.,Inability to retrieve specific videos and photos despite backup being activated.,Same days as the backup,Exact dates of the missing videos and photos,Tried Google Takeout and checking in other accounts,One-off,One-off
Reddit,,The user was trying to find photos that they expected to be included in a Takeout export.,"Query mismatch, ineffective search resulting in missing photos.",Not mentioned,Specific photos or albums they were searching for.,Not mentioned,Not mentioned,Not mentioned
Reddit,,,,,,,,
Reddit,,The user was trying to recover an important backed-up video that was deleted from the app.,"Inability to retrieve deleted video, providing no means to recover it.",Important video backed up yesterday,"Exact name of the video, specific folder it was in, or the date beyond 'yesterday'",Asking for help on Reddit regarding recovery options,Not mentioned,Not mentioned
Reddit,,,,,,,,
Reddit,,,,,,,,
Reddit,,,,,,,,
Reddit,,User is trying to locate folders of backed-up photos online.,Ineffective categorization/navigation of photos by date instead of folder.,Not mentioned,Exact folder structure or specific files,Not mentioned,Not mentioned,Not mentioned
Reddit,,User is trying to organize photos,Lack of folder organization leading to excessive clutter in main gallery,Not mentioned,Not mentioned,Manual organization of photos,Occasional,Occasional
Reddit,,User is trying to retrieve or restore thousands of photos on a new phone.,Difficulty in organizing and retrieving photos due to lack of folder structure.,Not mentioned,Exact photos or organization method,Considering saving photos in Dropbox or looking for a simple free application.,Not mentioned,Not mentioned
Reddit,,,,,,,,
Reddit,,,,,,,,
Reddit,,The user was trying to search for photos using category names and specific keywords.,"Search algorithm failure, resulting in no relevant results and showing random images instead.","Category name, certain name in the file name, almost 200GB saved.","Exact date, specific file names, or exact folders.",Not mentioned,Frequent,Frequent
Reddit,,,,,,,,
Reddit,,User was trying to select multiple photos from search results based on a specific subject.,Search result interaction issue preventing selection of multiple photos.,Specific subject searched for in photos.,"Exact date, specific images, or other details about the photos.",Not mentioned,Occasional,Occasional
Reddit,,,,,,,,
Reddit,,Trying to locate a screenshot from a couple of weeks ago using a specific word typed into the search.,Search algorithm failure,The word that was clearly written in the screenshot,"Exact date, specific file name, exact folder",Not mentioned,Occasional,Occasional
Reddit,,Trying to search for text within photos without needing it in the description,Ineffective search algorithm that doesn't locate text unless it's specifically described,Not mentioned,Not mentioned,Not mentioned,Occasional,Occasional
Reddit,,,,,,,,
Reddit,,The user is trying to utilize the search function to locate older photos.,Search algorithm failure,Not mentioned,"Exact date, specific file name",Not mentioned,Occasional,Occasional
Reddit,,,,,,,,
Reddit,,,,,,,,
Reddit,,,,,,,,
Reddit,,User trying to search for photos using the search functionality of Google Photos after an update.,Ineffective search results due to changes in the search algorithm.,Able to search broadly or specifically before the AI change.,Exact photos or memories they were trying to find.,Not mentioned,Frequent,Frequent
Reddit,,Attempting to search for specific images of dogs and snakes.,Search algorithm failure,"Dog, rattlesnake","Exact date, specific file name, exact folder",Not mentioned,Frequent,Frequent
Reddit,,,,,,,,
Reddit,,The user is trying to search for photos using object recognition and is dissatisfied with the search functionality.,Search algorithm failure,Not mentioned,Not mentioned,People search,Not mentioned,Not mentioned
Reddit,,,,,,,,
Reddit,,,,,,,,
Reddit,,,,,,,,
Reddit,,Trying to search for photos on Google Photos using an iPad.,"App freezing during search, preventing retrieval of search results.",Not mentioned,Exact photos or memories they're trying to retrieve.,Force closing the app and reopening it.,Frequent,Frequent
Reddit,,Trying to use the Google Photos app on an older tablet to search for photos.,Search algorithm failure due to older app version leading to instability.,Not mentioned,Not mentioned,Using an outdated version of the app with instability issues.,Occasional,Occasional
Reddit,,,,,,,,
Reddit,,,,,,,,
Reddit,,,,,,,,
Reddit,,The user is trying to locate older photos across different devices.,Ineffective search functionality causing frustration.,Not mentioned,"Specific photos, events, or details related to past memories",Not mentioned,Frequent,Frequent
Reddit,,,,,,,,
Reddit,,The user was trying to search for specific photos of anacondas and jaguars.,Ineffective search bar results leading to 'No Results' and excessive manual scrolling through a large archive.,Photos of anacondas and jaguars.,Exact date or specific file names.,Scrolling through a million photos.,Frequent,Frequent
Reddit,,,,,,,,
Reddit,,Trying to locate older photos,Ineffective search functionality and reliance on suggestions rather than explicit search,Not mentioned,Not mentioned,Not mentioned,Frequent,Frequent
Reddit,,Considering how to manage and retrieve photos stored in Google Photos.,Query mismatch leading to doubts about safety and accessibility of photos.,Not mentioned,"Exact date, specific files, or methods for locating NSFW images.",Plan to do Takeout and possibly clean up Google Photos.,Occasional,Occasional
Reddit,,,,,,,,
Reddit,,,,,,,,
Reddit,,,,,,,,
Reddit,,,,,,,,
Reddit,,User was attempting to retrieve and manage long-term stored photos in Google Photos.,Difficulty in effectively retrieving older photos due to classification concerns leading to a decision to delete the app's contents.,15 years of tags and albums,Exact dates or specific photos,Deleting Google Photos and using Takeout to back up files elsewhere.,One-off,One-off
Reddit,,,,,,,,
Reddit,,User is trying to manage their photo storage while concerned about potential loss of their Google account.,User experiences anxiety over retrieval and retention of photos due to account risks rather than specific search issues.,"15 years of tags and albums, NSFW photos.",Exact details of the photos being deleted or how to retrieve others.,Deleted photos to maintain account safety.,Not mentioned,Not mentioned
Reddit,,,,,,,,
Reddit,,,,,,,,
Reddit,,,,,,,,
Reddit,,,,,,,,
Reddit,,,,,,,,
Reddit,,,,,,,,
Reddit,,,,,,,,
Reddit,,"User is concerned about safely storing and accessing their photos, indicating a desire to backup or possibly switch from Google Photos.",Concern about potential data loss without a reliable search or retrieval option.,Not mentioned,"Specific older photos or memories, having a concrete plan for retrieval.","Doing backups of photos regularly, and considering switching apps.",Occasional,Occasional
Reddit,,,,,,,,
Reddit,,,,,,,,
Reddit,,,,,,,,
Reddit,,,,,,,,
Reddit,,,,,,,,
Reddit,,User was trying to search for photos by location.,Search algorithm failure,Not mentioned,Not mentioned,Not mentioned,Not mentioned,Not mentioned
Reddit,,,,,,,,
Reddit,,,,,,,,
Reddit,,,,,,,,
Reddit,,User is trying to manage duplicate photos within the app.,Ineffective photo stacking leading to confusion and inability to identify true duplicates.,Not mentioned,Not mentioned,Manual identification of duplicates,Occasional,Occasional
Reddit,,The user was trying to manage duplicate photos within Google Photos.,"Inability to delete duplicates without affecting the original file on the device, creating frustration.",Not mentioned,Not mentioned,Turn off sync to manage duplicates.,Occasional,Occasional
Reddit,,User was trying to organize and delete multiple photos from a specific day.,Loss of previous functionality for bulk selection and organization of photos.,Specific day of photo capturing.,"Exact date, specific photos involved.",Not mentioned,Not mentioned,Not mentioned
Reddit,,,,,,,,
Reddit,,The user was trying to find older photos by adding descriptions to improve searchability.,Search algorithm failure,Not mentioned,Not mentioned,Not mentioned,Occasional,Occasional
Reddit,,Trying to search for recently edited photos,"Search algorithm failure, specifically related to search index updates",Not mentioned,Exact date of the edits or photos,Waiting for the search index to update,Occasional,Occasional
Reddit,,,,,,,,
Reddit,,User was trying to retrieve photos of known individuals using the face recognition feature.,Search algorithm failure due to broken human face recognition and lack of editing options.,People clusters and their faces expected to be detected,Exact names or specific photos tied to those faces,Escalated the issue through Google One support and waited for a fix.,Occasional,Occasional
Reddit,,,,,,,,
Reddit,,,,,,,,
Reddit,,,,,,,,
Reddit,,,,,,,,
Reddit,,,,,,,,
Reddit,,,,,,,,
Reddit,,,,,,,,
Reddit,,The user was trying to get support for issues related to retrieving older photos and utilizing face grouping functionality.,Query mismatch and ineffective support leading to prolonged retrieval issues.,two years of facematched history,"specific files, exact dates of the photos",contacting support through the app,Occasional,Occasional
Reddit,,User is trying to get feedback or assistance related to photo retrieval.,"Endless waiting for a response, indicating potential retrieval or support failure.",Not mentioned,Exact steps taken or specific photos searched for.,"Resending feedback requests, indicating a lack of effective solutions.",Occasional,Occasional
Reddit,,,,,,,,
Reddit,,Trying to edit face metadata in Google Photos,Query mismatch due to backend failure affecting face recognition,Not mentioned,"Exact date, specific file name",Escalating to support for backend re-indexing,Frequent,Frequent
Reddit,,User trying to add or edit a person's face in Google Photos,Backend failure in face indexing causing inability to edit faces,Not mentioned,Not mentioned,"Retrying, reinstalling, logging in/out",Occasional,Occasional
Reddit,,,,,,,,
Reddit,,The user was trying to retrieve photos associated with a recognized face.,"The interface fails to display photo details, indicating a potential retrieval or display issue.",Recognized face,Specific photos or additional details,Not mentioned,Not mentioned,Not mentioned
Reddit,,Trying to retrieve or search for older photos after moving to a new Google account.,"Ineffective search or retrieval issues due to changing accounts, possibly compounded by data protection regulations.",It worked perfectly on an old university account.,Exact photos or timeframes that cannot be retrieved.,Tried reinstalling photos using a USA VPN.,Not mentioned,Not mentioned
Reddit,,The user is trying to retrieve photos where specific faces are grouped.,Loss of face group feature causing difficulty in photo retrieval.,Not mentioned,"Exact date, specific photos linked to the face groups",Not mentioned,Occasional,Occasional
Reddit,,,,,,,,
Reddit,,,,,,,,
Reddit,,,,,,,,
Reddit,,User is trying to add a newly identified face in Google Photos.,"User cannot add a face that Google Photos identified, indicating a potential failure in the facial recognition feature.",Not mentioned,Not mentioned,Not mentioned,Not mentioned,Not mentioned
Reddit,,User was trying to find specific screenshots they took recently.,Ineffective search capability in Google Photos and dissatisfaction with the app.,recent screenshots,"exact date, specific file name",using gallery app instead,Occasional,Occasional
Reddit,,,,,,,,
Reddit,,,,,,,,
Reddit,,The user was trying to search for photos taken with their current phone.,Search algorithm failure,Photos taken with my current phone,Exact date or specific photos,Tried turning backup on and off,Frequent,Frequent
Reddit,,Trying to search for older photos.,"Ineffective search functionality, limited backup options.",Not mentioned,Not mentioned,Not mentioned,Not mentioned,Not mentioned
Reddit,,,,,,,,
Reddit,,The user was trying to locate and retrieve older photos from their Google Photos account after switching devices.,"Photos not appearing in the main gallery, leading to difficulty in locating and retrieving them normally.",Specific person's face from that period and older photos from Nexus devices.,Exact date or specific file names of the photos.,Opening a specific person's face to see the photos instead of a normal search in the gallery.,Occasional,Occasional
Reddit,,The user is trying to find specific photos or memories that may be stored in Google Photos.,"Lack of clarity on where photos might be located, leading to confusion in navigating archives or backups.",Not mentioned,"Exact location of photos, specific keywords, or terms for search.",Checking the archive and Google Takeout backups.,Occasional,Occasional
Reddit,,,,,,,,
Reddit,,Trying to retrieve old photos and videos uploaded recently.,Endless scrolling and vague recall of the date.,Not mentioned,Exact date,Scrolling through the timeline,Not mentioned,Not mentioned
Reddit,,,,,,,,
Reddit,,User was trying to locate recently added photos on the Android app.,Ineffective search functionality or lack of clear options for finding recent uploads.,Recent photos,Exact date or specific file names for the photos.,Typed 'recently added' to find the photos.,Occasional,Occasional
Reddit,,Trying to locate and retrieve older photos or memories,Not mentioned,Not mentioned,Not mentioned,Not mentioned,Not mentioned,Not mentioned
Reddit,,User is trying to attach a file and retrieve older photos.,"Lack of sorting options for retrieval, limited to chronological order.",Not mentioned,Exact date or specific photo details.,Manual scrolling due to the lack of sorting options.,Occasional,Occasional
Reddit,,User is trying to recover photos from specific years.,Difficulty retrieving photos from previous years.,2024 to 2026,"Exact dates, specific file names, folders",Not mentioned,Not mentioned,Not mentioned
Reddit,,User is trying to understand why photos from their device are accessible to another user.,Query mismatch regarding linked photos on shared albums.,Shared photo albums.,Specifics on how the photos from their device are linked to another user's access.,Checking shared albums for possible links.,Not mentioned,Not mentioned
Reddit,,The user was attempting to locate images using text search functionality.,Inability to search for images effectively and issues related to photo organization after changing settings.,Not mentioned,"Exact date, specific images, previous organization of photos","Enabled activity based personalization again, but it didn't change anything.",Not mentioned,Not mentioned
Reddit,,The user is trying to search for text in pictures on Google Photos.,Ineffective search algorithm requiring specific formatting (quotes) to retrieve desired photos.,Not mentioned,Not mentioned,Using quotes in search terms,Occasional,Occasional
Reddit,,User is trying to locate older photos that were organized in specific folders.,Ineffective organization leading to difficulty in retrieval.,Folders like snapchat and download,Exact photos or videos within the folders; timeline of retrieval.,Not mentioned,Occasional,Occasional
Reddit,,,,,,,,
Reddit,,The user was trying to manage their files after being banned and lost access to important conversations and backups.,Incomplete knowledge about which specific files caused the account ban due to the volume of files uploaded.,Having backups of cell phones since they were 14 years old and some family photos.,Exact file names or contents of the files that may have caused the ban.,Filed an appeal and awaits response; planning to 'de-google' and switch to alternative services.,One-off,One-off
Reddit,,,,,,,,
Reddit,,,,,,,,
Reddit,,,,,,,,
Reddit,,,,,,,,
Reddit,,,,,,,,
Reddit,,,,,,,,
Reddit,,,,,,,,
Reddit,,,,,,,,
Reddit,,,,,,,,
Reddit,,,,,,,,
Reddit,,,,,,,,
Reddit,,,,,,,,
Reddit,,,,,,,,
Reddit,,User is frustrated with Google Photos and no longer wants to use it.,Complete abandonment due to frustrations with Google services.,Not mentioned,Not mentioned,"Giving up, switching apps",Not mentioned,Not mentioned
Reddit,,Users attempting to locate or retrieve photos or memories.,General frustration with retrieval failures.,Not mentioned,Not mentioned,Turning off Google Photos,Frequent,Frequent
Reddit,,,,,,,,
Reddit,,,,,,,,
Reddit,,,,,,,,
Reddit,,,,,,,,
Reddit,,The user is trying to manage and access older photos across different Google accounts.,Ineffective album navigation and the need to manage multiple accounts complicates the retrieval process.,Photos backed up from before storage limitations were set.,Exact dates or specific photos that they want to access.,Shared Google Drive files between accounts to access photos regardless of the account signed into.,Occasional,Occasional
Reddit,,The user is trying to organize older photos that lack location data.,Lack of functionality to view and update location on older images.,Picasa interface for managing photo locations,Exact dates or specific photos that need location updates,Not mentioned,Occasional,Occasional
Reddit,,,,,,,,
Reddit,,The user was attempting to find all pictures without a location tag in their Google Photos account.,Excessive manual searching and the inability to filter photos effectively.,Not mentioned,Specific location tags for the photos,Going through photos one by one,Frequent,Frequent
Reddit,,User is trying to search for photos without location data.,Ineffective search due to lack of location data.,Not mentioned,Specific photos or memories without location data.,Not mentioned,Occasional,Occasional
Reddit,,,,,,,,
Reddit,,,,,,,,
Reddit,,,,,,,,
Reddit,,,,,,,,
Reddit,,The user is trying to search for photos taken with a specific camera.,Ineffective search results leading to retrieving all pictures from that camera instead of specific ones.,Specific camera used for taking photos,"Exact photos they want to find, the date, or event associated with the pictures",Not mentioned,Occasional,Occasional
Reddit,,,,,,,,
Reddit,,,,,,,,
Reddit,,,,,,,,
Reddit,,,,,,,,
Reddit,,,,,,,,
Reddit,,The user is considering switching from iCloud Photos to Google Photos for better functionality in organizing and retrieving photos.,Expectation of better retrieval functionality compared to another service (iCloud Photos) but seems dissatisfied.,Not mentioned,Specific retrieval issues or features in Google Photos.,Not mentioned,Occasional,Occasional
Reddit,,User was trying to find specific photos of their baby from the past.,Retrieval failure; inability to locate older photos.,Photos from the baby era.,Exact date or specific details on how the photos were uploaded.,Checking if they need more storage or any online hints.,Not mentioned,Not mentioned
Reddit,,Trying to find older photos on the Google Photos app.,Inability to retrieve photos from the app despite availability on the website.,Not mentioned,Not mentioned,Checked the website for retrieval.,Not mentioned,Not mentioned
Reddit,,The user is trying to determine if photos backed up on Google Drive are accessible in Google Photos.,Query mismatch regarding photo accessibility across platforms.,Not mentioned,Not mentioned,Not mentioned,Not mentioned,Not mentioned
Reddit,,,,,,,,
Reddit,,,,,,,,
Reddit,,,,,,,,
Reddit,,,,,,,,
Reddit,,User is trying to locate and retrieve older photos uploaded from an external drive.,Uncertainty about the automatic search and recognition of faces in old photos.,Photos from 2008 to 2016,Exact mechanism or timing for face recognition activation,Waiting for the system to automatically identify faces,Not mentioned,Not mentioned
Reddit,,,,,,,,
Reddit,,User is attempting to retrieve older photos.,Dependency on facial recognition for photo retrieval.,Not mentioned,Not mentioned,Leaving it as is until facial recognition improves.,Occasional,Occasional
Reddit,,,,,,,,
Reddit,,The user is trying to retrieve backed up photos and videos from an old phone after transferring to a new phone.,"Photos are marked with incorrect dates, and folders are not appearing as expected.",The photos should be from various dates before the new configuration.,"Exact dates of the photos, specific folder names.",Attempting to back up all folders from the old phone to Google Photos.,One-off,One-off
Reddit,,,,,,,,
Reddit,,Searching for specific photos within large albums,Excessive or exhausting manual scrolling through the main timeline or clutter,Not mentioned,"Exact content of photos, specific dates",Not mentioned,Frequent,Frequent
Reddit,,User was trying to select a specific photo to share from another application.,Excessive manual scrolling through the entire folder structure.,"A specific photo (e.g., profile picture), but no specific date or event mentioned.",Exact date or folder for the desired photo.,Manual scrolling through the entire folder structure.,Occasional,Occasional
Reddit,,,,,,,,
Reddit,,,,,,,,
Reddit,,The user is trying to locate and retrieve photos from the years 2017 to 2019.,Inability to find specific photos and videos despite having old phones and not deleting them.,"Photos of 2nd child growing up from 4 or 5 months up to 18 months old, 3rd child being born.","Exact phone used, specific photo locations or dates.",Not mentioned.,Not mentioned,Not mentioned
Reddit,,,,,,,,
Reddit,,User was trying to find photos between February 2017 and September 2020,Retrieval failure due to missing photos in the specified time frame,Feb 2017 to Sept 2020,"Exact date, specific events, or file names",Not mentioned,Not mentioned,Not mentioned
Reddit,,,,,,,,
Reddit,,User is trying to locate older photos.,Query mismatch and inability to retrieve specific images,Not mentioned,Exact date or specific details about the photos,Planning to swipe through manually,Frequent,Frequent
Reddit,,,,,,,,
Reddit,,Trying to locate specific older photos from previous years based on random triggers of memory.,Ineffective search results leading to frustration in finding expected photos.,A time frame from previous years.,Exact date or specific events associated with the photos.,Not mentioned,Occasional,Occasional
Reddit,,The user was trying to retrieve older photos and recent vacation pictures from the Google Photos app.,"Inability to access backed up photos within the app, indicating a retrieval failure.","Recent vacation pictures, work photos, and photos from 2025.",Exact timestamps or specific file names for the missing photos.,Used the browser to 'favorite' and add some of the missing photos to a shared album.,One-off,One-off
Reddit,,User is trying to locate recently uploaded photos.,Ineffective chronological display in 'Recently added' section.,Not mentioned,Not mentioned,Checking filters under the three dots menu,Occasional,Occasional
Reddit,,User was trying to locate older photos that appear to be missing from the main timeline.,Missing photos from the main timeline and slight chronological disarray in 'Recently Added'.,"Photos from January and December, possibly related to backup dates.","Exact dates of missing photos, specific filenames, or folders.",Messing with the filters in the photos tab.,Occasional,Occasional
Reddit,,"User is trying to locate older photos based on the upload order, indicating frustration with navigation.",Ineffective sorting of photos leading to confusion about retrieval.,Not mentioned,Exact date taken of the photos,Not mentioned,Occasional,Occasional
Reddit,,The user is trying to find past photos or memories to retrieve.,Lack of effective photo retrieval due to an empty archive.,Not mentioned,Specific photos or memories from the archive,Not mentioned,Not mentioned,Not mentioned
Reddit,,,,,,,,
Reddit,,,,,,,,
Reddit,,The user is trying to locate older photos that may be misplaced due to incorrect metadata.,Search algorithm failure or incorrect metadata affecting retrieval.,Not mentioned,Exact date or specific file names of the photos.,Not mentioned,Occasional,Occasional
Reddit,,,,,,,,
Reddit,,The user is trying to understand the contents of the 'On this device' section within Google Photos.,Confusion regarding what photos are available or not within the Collections on the device.,Not mentioned,Exact contents of the device collections.,Not mentioned,Occasional,Occasional
Reddit,,User is trying to retrieve photos stored on their device.,Redundant display of photos leading to confusion and inability to access older photos.,Not mentioned,Exact photos that are missing,Not mentioned,Occasional,Occasional
Reddit,,,,,,,,
Reddit,,,,,,,,
Reddit,,Trying to find older photos by scrolling through a timeline.,Excessive or exhausting manual scrolling through the main timeline.,The date the photos were taken.,Exact date or specific time frame.,Manual scrolling.,Occasional,Occasional
Reddit,,The user was attempting to retrieve older photos from their device.,Search algorithm failure,Not mentioned,Not mentioned,Not mentioned,Not mentioned,Not mentioned
Reddit,,,,,,,,
Reddit,,,,,,,,
Reddit,,The user was attempting to retrieve or search for older photos.,Ineffective sync leads to inability to retrieve content.,Not mentioned,Not mentioned,"sign out, delete cache, delete updates, redownload, unsync and sync again",Occasional,Occasional
Reddit,,User is trying to retrieve older photos and has been facing the same issue for an extended period.,Ineffective retrieval of older photos despite viewing recent additions.,Not mentioned,Specific older photos or timeframes,Not mentioned,Constant,Constant
Reddit,,User is trying to locate and retrieve older photos from Google Photos.,Inability to retrieve photos due to disappearance.,"Over 20,000 pictures stored.",Exact dates or specific photos that have disappeared.,Not mentioned,Not mentioned,Not mentioned
Reddit,,,,,,,,
Reddit,,Trying to retrieve older photos,Query mismatch or retrieval fatigue,Not mentioned,Exact details of the photos,Trying various methods to find the photos,Occasional,Occasional
Reddit,,Trying to retrieve older photos stored in Google Photos,Inability to retrieve photos,Not mentioned,Not mentioned,Not mentioned,Not mentioned,Not mentioned
Reddit,,User is trying to restore older photos.,Inability to retrieve older photos.,Not mentioned,Specific photos that cannot be restored.,Not mentioned,Not mentioned,Not mentioned
Reddit,,User trying to scroll through their photos.,Endless scrolling due to a different interface.,Not mentioned,Not mentioned,Scrolling through collections,Occasional,Occasional
Reddit,,The user was trying to retrieve photos from a Google Takeout export.,Excessive complexity and lack of organization in the export structure for retrieving old photos.,Not mentioned,Exact date or specific files,Built a third-party tool (GTP) to process the export files,One-off,One-off
Reddit,,,,,,,,
Reddit,,,,,,,,
Reddit,,,,,,,,
Reddit,,,,,,,,
Reddit,,,,,,,,
Reddit,,,,,,,,
Reddit,,,,,,,,
Reddit,,,,,,,,
Reddit,,,,,,,,
Reddit,,,,,,,,
Reddit,,,,,,,,
Reddit,,,,,,,,
Reddit,,,,,,,,
Reddit,,Attempting to organize and retrieve older photos by events instead of by date.,Ineffective categorization and navigation for finding photos by events.,Events,Exact dates or specific album names,Not mentioned,Occasional,Occasional
Reddit,,,,,,,,
Reddit,,,,,,,,
Reddit,,,,,,,,
Reddit,,,,,,,,
Reddit,,,,,,,,
Reddit,,The user is trying to maintain organization of photos and albums.,Excessive manual effort required for album updates.,Not mentioned,Not mentioned,Keyword extra special photos and let search deal with the rest.,Occasional,Occasional
Reddit,,User trying to export a single frame from a motion photo.,"Inability to save or export single frames from certain motion photos, leading to confusion.",Using motion photos for better quality.,What was different about the photos that had the save as option.,Looking in various apps to find the export option.,Occasional,Occasional
Reddit,,User is trying to locate all selfies taken in a specific time frame.,Backup failure leading to missing photos,3 selfies taken in the same minute last week,Exact date or specific file names of the missing selfies,Searching for the selfies but unable to find all of them,Occasional,Occasional
Reddit,,The user was trying to locate collections of pictures of themselves from previous months.,Ineffective retrieval of photos in albums or collections after a recent update.,Pictures of myself from different months,Exact dates or specific albums missing images,Checking the general library for the missing pictures,Occasional,Occasional
Reddit,,The user is trying to retrieve photos from a specific album.,"Album retrieval failure, where expected photos do not display.",Album with 100 pictures,Exact date or specific photos within the album,Opening multiple support tickets,Frequent,Frequent
Reddit,,,,,,,,
Reddit,,User is trying to retrieve past photos from two years ago.,Lack of effective support in resolving retrieval issues.,Not mentioned,"Exact date, specific file names.",Not mentioned,Occasional,Occasional
Reddit,,,,,,,,
Reddit,,,,,,,,
Reddit,,User is attempting to locate older photos that rely on accurate timestamps for retrieval.,Lack of correct timestamps causing difficulties in retrieving photos.,Not mentioned,Exact date or specific file name of the desired photo.,Not mentioned,Occasional,Occasional
Reddit,,,,,,,,
Reddit,,,,,,,,
Reddit,,The user was trying to access their stored photos in Google Photos after disabling automatic backups.,"Query mismatch, as the user is unable to retrieve any photos despite having storage indicated.",Not mentioned,"Exact date, specific folder, or location of the photos.",Not mentioned,One-off,One-off
Reddit,,User is trying to verify which photos are backed up and how to access them through Google Photos.,Lack of comprehensive categorization and effective navigation for finding backed up photos.,Not mentioned,Details about which specific photos are backed up and how to access them.,Clicking Photos at the top left of the site to see backed-up photos.,Occasional,Occasional
Reddit,,The user was trying to access older photos from their Google Photos account via a web browser.,Ineffective retrieval of older photos due to disabling backup/sync options leading to no results.,Not mentioned,Exact date or specific folder for older photos,Trying to access via web browser after disabling sync,Not mentioned,Not mentioned
Reddit,,,,,,,,
Reddit,,,,,,,,
Reddit,,User is attempting to locate photos among various types of uploaded content.,Ineffective navigation; inability to easily locate specific photos due to clutter.,Not mentioned,"Specific photos or types of photos, exact categories or collections.",Manual searching through various locations without clear guidance.,Occasional,Occasional
Reddit,,Trying to retrieve pictures from an old Google account after being hacked,Complete inability to access account and retrieve photos,Not mentioned,Exact account details or specific photo identifiers,Trying to find someone who can help retrieve the pictures,One-off,One-off
Reddit,,The user is trying to retrieve older photos after disabling automatic backup.,"Ineffective retrieval due to disabling backup, leading to confusion about photo availability.",Not mentioned,Specific photos or dates they are trying to retrieve.,User manually downloads photos to a portable hard drive and uploads to another cloud account.,Not mentioned,Not mentioned
Reddit,,The user is trying to recover old photos from their deleted Google account.,Inability to retrieve photos due to account deletion.,Photos from 2015 to 2023,Not mentioned,Not mentioned,Not mentioned,Not mentioned
Reddit,,,,,,,,
Reddit,,The user was trying to migrate photos and videos from their University account to their personal account while managing storage limits.,"Backup and sync failure, leading to deletions thinking files were saved elsewhere.",80gb videos,"Exact file names, specific folders, or the exact time of deletion.",Trying to recover files from the trash.,Not mentioned,Not mentioned
Reddit,,,,,,,,
Reddit,,User is trying to understand if older photos retain their time context after transferring to a new Google Photos account.,"Confusion about retention of timestamps during photo transfer, implying a potential issue with retrieving or aligning memories with the correct timeline.",Not mentioned,"Exact details about the photos, specific timeframe, or how they were originally arranged.",Not mentioned,Not mentioned,Not mentioned
Reddit,,,,,,,,
Reddit,,,,,,,,
Reddit,,,,,,,,
Reddit,,,,,,,,
Reddit,,User is attempting to retrieve older photos from a backup via Takeout to upload to personal Google Photos.,Manual retrieval process without automated support or ease of use.,Not mentioned,Exact files or photos that were not retrieved successfully.,Downloading through Takeout and manually uploading.,Occasional,Occasional
Reddit,,The user is trying to locate and share photos taken during their travels after their workspace account was disabled.,Lack of options to access and share photos due to account restrictions.,"Traveling the USA, national parks, graduation, college.","Exact dates, specific locations of photos, or names of files.",Not mentioned.,Not mentioned,Not mentioned
Reddit,,,,,,,,
Reddit,,,,,,,,
Reddit,,,,,,,,
Reddit,,,,,,,,
Reddit,,User is trying to access photos and share them with a partner.,Account disabled affecting access and sharing capabilities.,Not mentioned,"Exact date, specific photos, or albums to share.",Not mentioned,Not mentioned,Not mentioned
Reddit,,The user seems to be attempting to retrieve photos and expresses concern over the retrieval process for parents.,Vague concern about retrieval issues without specific details shared.,Not mentioned,"Specific photos, categories, or retrieval process details",Not mentioned,Not mentioned,Not mentioned
Reddit,,The user was trying to retrieve photos from their Google account after it was shut off.,"Photos were deleted from the account without warning, leading to retrieval failure.",Not mentioned,Specific file names or exact dates of the photos,Found an old Google pixel with photos on its internal storage,Not mentioned,Not mentioned
Reddit,,,,,,,,
Reddit,,The user is trying to retrieve their Google Photos account to access their photos.,Inability to retrieve account due to forgotten email username.,Not mentioned,Exact Gmail account username,Attempting to find the email associated with monthly payments.,One-off,One-off
Reddit,,,,,,,,
Reddit,,User is trying to retrieve an old account’s photos linked to a subscription.,Inability to recall username which prevents access to photos.,Subscription charged by Apple,Exact username or email for Google Photos,Considering contacting Apple for email information,Occasional,Occasional
Reddit,,,,,,,,
Reddit,,User is trying to determine which email account is being charged for Google Photos subscription.,Lack of clarity on account subscription leading to inability to retrieve or access photos.,Not mentioned,Exact email associated with the subscription,Not mentioned,Not mentioned,Not mentioned
Reddit,,,,,,,,
Reddit,,The user attempted to download photos to a local folder while managing storage in Google Photos.,Query mismatch; the user thought photos were saved locally but they weren't.,Not mentioned,Exact file names or details about the photos.,Asking for help on potential programs or recovery methods.,One-off,One-off
Reddit,,,,,,,,
Reddit,,Trying to locate specific videos from past years,Query failure due to past deletion of a video,Not mentioned,"Exact date of the deleted video, specific details about the content",Going back to an old phone to retrieve the video,Not mentioned,Not mentioned
Reddit,,,,,,,,
Reddit,,,,,,,,
Reddit,,,,,,,,
Reddit,,,,,,,,
Reddit,,,,,,,,
Reddit,,,,,,,,
Reddit,,,,,,,,
Reddit,,,,,,,,
Reddit,,,,,,,,
Reddit,,,,,,,,
Reddit,,,,,,,,
Reddit,,,,,,,,
Reddit,,,,,,,,
Reddit,,,,,,,,
Reddit,,,,,,,,
Reddit,,,,,,,,
Reddit,,The user is trying to recover deleted photos from Google Photos that contained important family memories.,Query mismatch or inability to recover deleted files after using the 'takeout' function.,5 or 10 years old,"Exact date, specific file names, or exact folder",Contacting support for resolution,One-off,One-off
Reddit,,,,,,,,
Reddit,,,,,,,,
Reddit,,,,,,,,
Reddit,,,,,,,,
Reddit,,User is trying to recover deleted files from Google Drive.,Query mismatch due to vague memory of deleted files timing.,Last 25 days.,Exact date or specific files deleted.,Sent a request for recovery from Google Drive.,Occasional,Occasional
Reddit,,,,,,,,
Reddit,,,,,,,,
Reddit,,,,,,,,
Reddit,,,,,,,,
Reddit,,,,,,,,
Reddit,,,,,,,,
Reddit,,,,,,,,
Reddit,,,,,,,,
Reddit,,,,,,,,
Reddit,,,,,,,,
Reddit,,,,,,,,
Reddit,,,,,,,,
Reddit,,,,,,,,
Reddit,,,,,,,,
Reddit,,User was trying to retrieve an album dated in November 2024.,Endless scrolling to find greyed out albums.,Album date in November 2024,Exact details of the album contents or specific items within it,Excessive scrolling through the album section,Occasional,Occasional
Reddit,,User was trying to locate a specific photo or memory.,Inability to retrieve photos,Not mentioned,Not mentioned,Not mentioned,Not mentioned,Not mentioned
Reddit,,User trying to understand how to access recaps and memories in Google Photos.,Lack of clear guidance on accessing photo recaps and memories.,Not mentioned,Exact details on how the recaps work or how to unlock them.,Not mentioned,Not mentioned,Not mentioned
Reddit,,Trying to locate a past photo or video,Ineffective search in retrieving older photos,Not mentioned,Not mentioned,Spent hours reading articles and help from Google Photos,Occasional,Occasional
Reddit,,,,,,,,
Reddit,,,,,,,,
Reddit,,,,,,,,
Reddit,,,,,,,,
Reddit,,,,,,,,
Reddit,,,,,,,,
Reddit,,,,,,,,
Reddit,,Trying to locate a shared album and manage its comments.,Ineffective album navigation and confusion about sharing features.,Not mentioned,Which album was shared,Not mentioned,Occasional,Occasional
Reddit,,,,,,,,
Reddit,,,,,,,,
Reddit,,,,,,,,
Reddit,,The user was trying to retrieve albums or photos linked to a specific Google account.,Ineffective album navigation and retrieval failure due to account mismatch.,Not mentioned,"Specific albums, exact photos linked to the account.",Checking other accounts for albums but facing deactivated link sharing.,Occasional,Occasional
Reddit,,,,,,,,
Reddit,,,,,,,,
Reddit,,,,,,,,
Reddit,,,,,,,,
Reddit,,,,,,,,
Reddit,,,,,,,,
Reddit,,,,,,,,
Reddit,,,,,,,,
Reddit,,,,,,,,
Reddit,,,,,,,,
Reddit,,,,,,,,
Reddit,,,,,,,,
Reddit,,,,,,,,
Reddit,,,,,,,,
Reddit,,,,,,,,
Reddit,,User is trying to find a specific screenshot using keywords or screen names.,Search algorithm failure,"Certain screenname or word, own screenname","Exact date of the screenshot, specific content of the screenshot",Not mentioned,Occasional,Occasional
Reddit,,,,,,,,
Reddit,,Trying to retrieve older photos,Inaccurate or slow retrieval of older items,Pre-2024 accuracy,Exact date or specific item details,Not mentioned,Occasional,Occasional
Reddit,,,,,,,,
Reddit,,User was trying to retrieve old photos of their kids.,Ineffective search leading to inability to find specific photos.,Photos of kids from a couple of years ago.,Exact date or specific files.,"Checked trash/archive along with other folders, followed troubleshooting steps.",One-off,One-off
Reddit,,,,,,,,
Reddit,,User trying to locate photos that were not backed up to Google Photos.,Query mismatch - photos appeared in notifications despite not being backed up.,Messages folder,"Exact date, specific file name, or exact folder related to the photos.",Checking the Messages folder.,Occasional,Occasional
Reddit,,User was trying to find older pictures after a delay in receiving notifications.,Lack of effective notification system leading to missed retrieval opportunity.,Not mentioned,Exact date of the pictures or specific details about them.,Searching for pictures after relying on notifications.,Occasional,Occasional
Reddit,,,,,,,,
Reddit,,User attempted to locate photos that were expected to be found in Google Photos.,"Misleading notification about photo availability, confusion about where photos are stored.",Not mentioned,Why the photos showed up in Google Photos notification despite being in a different folder.,Found the photos in 'Messages' folder.,Occasional,Occasional
Reddit,,,,,,,,
Reddit,,,,,,,,
Reddit,,The user was trying to clean up photos by deleting similar shots.,"Query mismatch leading to unintended deletions, causing further confusion with the Trash functionality.",Similar shots.,"Exact date of the photos, specific folder or album.",Not mentioned.,Not mentioned,Not mentioned
Reddit,,,,,,,,
Reddit,,,,,,,,
Reddit,,The user is trying to understand the retrieval of specific photos that seem to be missing or not displaying as expected.,"Confusion about photo retrieval and stacking preferences, leading to uncertainty about how photos are organized.",Photos with trees in different positions.,Exact timestamps or details related to the photos.,Trying to figure out settings and preferences in an attempt to resolve the issue.,Occasional,Occasional
Reddit,,The user was trying to retrieve photos they moved to a locked folder in Google Photos.,Inability to retrieve photos after app crash.,Not mentioned,"Exact folder, specific photo details",Not mentioned,Not mentioned,Not mentioned
Reddit,,User attempting to locate and retrieve older photos.,Ineffective navigation and potential confusion around archived content.,Not mentioned,"Exact date, specific photos, or how to access the archive",Checked the archive,Occasional,Occasional
Reddit,,,,,,,,
Reddit,,,,,,,,
Reddit,,,,,,,,
Reddit,,Trying to share a video and access Google Photos.,Inability to retrieve or share due to storage limits.,Not mentioned,Exact video or photos they were trying to share.,Attempting to use sharing options.,Occasional,Occasional
Reddit,,,,,,,,
Reddit,,The user is trying to locate specific files to manage storage before getting a new phone.,Excessive manual effort to locate files and confusion regarding what uses storage.,Files uploaded since June 1st via the web browser.,Exact filenames of the photos using up storage.,Manually checking through photos and re-uploading them via phone.,Occasional,Occasional
Reddit,,,,,,,,
Reddit,,,,,,,,
Reddit,,,,,,,,
Reddit,,,,,,,,
Reddit,,,,,,,,
Reddit,,User feels frustrated trying to locate old photos that are not easily found in Google Photos.,Feeling unable to find specific old photos amidst clutter.,Not mentioned,Exact dates or specific content of the photos,Not mentioned,Occasional,Occasional
Reddit,,,,,,,,
Reddit,,User is trying to locate older photos uploaded via the web after deleting some files.,Lack of effective search for files uploaded via the web leads to difficulty in retrieval.,"Files uploaded via the web, pictures of family and kids from vacations and sports.",Exact dates or specific files that are still hidden.,Searching through files tagged 'uploaded via the web' and manually deleting.,Occasional,Occasional
Reddit,,User is trying to locate specific photos uploaded through the web.,Ineffective search for specific photos due to web upload confusion.,Not mentioned,Specific photos uploaded via web,Thinking of doing a giant photo takeout and transferring them into their Pixel to upload again.,Occasional,Occasional
Reddit,,User was trying to locate and identify specific uploaded photos.,"Endless scrolling, inefficacy in locating photos, confusion about deletion.","Started on May 31st, looking for photos from a specific date.","Exact photos or files, specific upload method details.",Manual checking of every single photo on the timeline.,Occasional,Occasional
Reddit,,Trying to retrieve older photos,Ineffective search or retrieval process,Not mentioned,Specific photos or timeframes,Takeout method and reuploading,Occasional,Occasional
Reddit,,,,,,,,
Reddit,,User was attempting to manage storage by deleting the Google Photos app and later trying to retrieve their photos on a PC.,Uncertainty about photo retrieval across accounts,Logged in my account on my PC,Exact date or specific photos,Checked all of your accounts,One-off,One-off
Reddit,,,,,,,,
Reddit,,,,,,,,
Reddit,,,,,,,,
Reddit,,,,,,,,
Reddit,,The user was trying to retrieve a photo after moving it from a locked folder.,Query mismatch or retrieval failure after moving the photo.,Not mentioned,Exact location of the photo after relocation.,Not mentioned,One-off,One-off
Reddit,,,,,,,,
Reddit,,User is trying to retrieve older photos or memories but cannot recall exact details.,Vague recall struggles due to lack of specific date knowledge.,Not mentioned,Exact date,Not mentioned,Not mentioned,Not mentioned
Reddit,,,,,,,,
Reddit,,,,,,,,
Reddit,,The user is attempting to locate older photos taken with their old phone.,Difficulties retrieving older photos and potential confusion due to misclassification of images.,Not mentioned,"Exact date of the older photos, specific file name, or folder location.",Not mentioned,Not mentioned,Not mentioned
Reddit,,The user was attempting to locate an older photo by checking the date it was taken.,"User needs to rely on viewing the gallery by date, indicating a lack of effective search functionality.",Date it was taken,"Exact photo, specific file name, or event details",Looking in the gallery by date,Occasional,Occasional
Reddit,,,,,,,,
Reddit,,User was trying to locate and merge albums for a person named Jess after re-enabling face grouping.,Ineffective album merging and recognition after re-enabling face grouping.,The album labeled Jess and previous tagging functionality.,Exact dates or specifics on the albums or tagging process.,"Tried turning face grouping on and off, removing and relabeling albums.",Not mentioned,Not mentioned
Reddit,,Trying to manage and organize photo albums for faces and pets.,Ineffective or confusing album navigation.,Not mentioned,Groups that were previously organized.,Not mentioned,Occasional,Occasional
Reddit,,The user was trying to label and organize photos by identifying people.,Ineffective image labeling and merging functionality.,Not mentioned,Specific names or exact labels for individuals.,Not mentioned,Occasional,Occasional
Reddit,,,,,,,,
Reddit,,The user is trying to label new photos for easier retrieval.,Ineffective album/categorization navigation due to labeling issues.,Not mentioned,Exact date or specific photos needing labels,"Waiting, possibly manual sorting or labeling attempt",Occasional,Occasional
Reddit,,,,,,,,
Reddit,,,,,,,,
Reddit,,,,,,,,
Reddit,,,,,,,,
Reddit,,,,,,,,
Reddit,,The user was trying to find photos related to 'work'.,Ineffective search bar results.,Not mentioned,Specific photos or events related to 'work',Not mentioned,Occasional,Occasional
Reddit,,The user wanted to back up downloaded photos and videos using Google Photos after switching to iPhone.,Backup inconsistency and ineffective detection of photos on the device.,Not mentioned,Exact timestamp or specific photos that are not being backed up,Manually scrolling through the device to locate photos,Occasional,Occasional
Reddit,,,,,,,,
Reddit,,,,,,,,
Reddit,,,,,,,,
Reddit,,,,,,,,
Reddit,,User trying to locate older photos from 2013 to 2018 after logging back into Google Photos.,Inability to retrieve specific older photos; apparent absence in the visible timeline despite the timeline showing the year range.,"Photos from 2013 to 2018, memories of meeting wife, early single days, first child.","Exact dates of the photos, specific file names or albums.","Requested full download of all data via Google Takeout, checked help center options, trash, and archive.",One-off,One-off
Reddit,,,,,,,,
Reddit,,,,,,,,
Reddit,,,,,,,,
Reddit,,,,,,,,
Reddit,,,,,,,,
Reddit,,User trying to retrieve two videos from four years ago,Inability to locate deleted videos,Four years back,Exact date or context of when the videos were last seen,Not mentioned,One-off,One-off
Reddit,,User is trying to locate old photos that may have been deleted inadvertently.,User's uncertainty about the retrieval of photos due to possible previous deletion actions.,2019,Exact photos or specific albums that might have been deleted,Not mentioned,Occasional,Occasional
Reddit,,The user received a Google Photos Memory and is trying to find it along with old memories.,Query mismatch or failure to retrieve previous memories after an interaction with the app.,Received a Google Photos Memory,"Exact content of the memory, specific date or event associated with it",Searching for it on Android Phone or PC,Not mentioned,Not mentioned
Reddit,,User is attempting to locate specific past memories within the app.,Uncertainty in the retrieval process for memories.,Not mentioned,Specific details about the memories they are trying to locate,Not mentioned,Not mentioned,Not mentioned
Reddit,,User was trying to find specific memories in Google Photos.,Failure to retrieve memories from the Memories feature.,Not mentioned,Not mentioned,Not mentioned,One-off,One-off
Reddit,,,,,,,,
Reddit,,,,,,,,
Reddit,,,,,,,,
Reddit,,User is trying to locate older photos,Inability to retrieve photos from previous months or years,Not mentioned,Not mentioned,Not mentioned,Not mentioned,Not mentioned
Reddit,,User is concerned about retrieving old photos stored in the cloud.,Lack of local source and fear of loss of photos.,Not mentioned,Not mentioned,Not mentioned,Not mentioned,Not mentioned
Reddit,,,,,,,,
Reddit,,The user is trying to upload a complex folder structure of family photos to Google Photos.,Inefficient upload process preventing bulk uploads of photos organized in folders.,Photos arranged in a complex folder structure for each year.,Not mentioned.,Labor intensive manual uploading of each photo to ensure correct dates.,One-off,One-off
Reddit,,,,,,,,
Reddit,,,,,,,,
Reddit,,User is concerned about the retrieval of a flagged photo of their child and is seeking to identify if it is affected by recent flagging trends.,Unclear system message (the '1' flag) leading to anxiety about photo access,Photo of 11-month-old without clothes in the bathroom,Not mentioned,Going to take a hard backup today.,Not mentioned,Not mentioned
Reddit,,,,,,,,
Reddit,,,,,,,,
Reddit,,,,,,,,
Reddit,,,,,,,,
Reddit,,,,,,,,
Reddit,,,,,,,,
Reddit,,,,,,,,
Reddit,,,,,,,,
Reddit,,,,,,,,
Reddit,,,,,,,,
Reddit,,,,,,,,
Reddit,,,,,,,,
Reddit,,,,,,,,
Reddit,,,,,,,,
Reddit,,,,,,,,
Reddit,,,,,,,,
Reddit,,,,,,,,
Reddit,,,,,,,,
Reddit,,,,,,,,
Reddit,,,,,,,,
Reddit,,,,,,,,
Reddit,,The user was trying to locate a specific photo from a trip in 2021.,Endless scrolling through the main timeline without success.,Trip in 2021,"Exact date, specific file name, or exact folder",Spent an hour scrolling through photos,Occasional,Occasional
Reddit,,The user is trying to prevent their phone photos from being uploaded to Google Photos.,Backup and sync issues with Google Photos that lead to user frustration.,Not mentioned,Steps to stop the backup or prevent uploads,Seeking step-by-step guidance on how to disable uploads and permissions,Occasional,Occasional
Reddit,,,,,,,,
Reddit,,,,,,,,
Reddit,,User is trying to locate specific photos on their laptop.,Confusion over backup status affecting photo visibility.,Not mentioned,Exact photos or timeframes,Checking from their laptop,Occasional,Occasional
Reddit,,,,,,,,
Reddit,,,,,,,,
Reddit,,,,,,,,
Reddit,,,,,,,,
Reddit,,,,,,,,
Reddit,,User wants to manage photo storage and stop Google Photos from uploading images automatically.,Excessive or exhausting manual scrolling through settings and checking storage usage.,Not mentioned,Exact photos or videos that are being uploaded automatically.,Disabled the app and switched to using Dropbox for storage.,Occasional,Occasional
Reddit,,,,,,,,
Reddit,,,,,,,,
Reddit,,,,,,,,
Reddit,,"User is frustrated with the photo retrieval process, specifically looking for older photos or memories.",Inefficient search process leading to user frustration.,Not mentioned,Specific photos or memories they were trying to locate.,Not mentioned,Not mentioned,Not mentioned
Reddit,,,,,,,,
Reddit,,The user was trying to recover specific camera videos recorded on June 20 after a factory reset.,Query mismatch and backup failure as the user cannot find the missing videos despite checking multiple locations.,June 20 and the videos are from their camera.,Exact file names and additional details about the videos.,"Checking Google Photos app, photos.google.com, Recently Added, Trash/Bin, and Google Drive.",One-off,One-off
Reddit,,The user was trying to find specific camera videos recorded on June 20 after restoring their phone.,Inability to retrieve specific videos after a backup and restore process.,Videos from June 20,Exact file names or the specific context of those videos,"Checked Google Photos app, recently added, Trash/Bin, Google Drive, and all Google accounts",One-off,One-off
Reddit,,The user is trying to find specific older photos among many.,Ineffective search bar results due to lack of filters.,Not mentioned,"Specific photos, exact date, or event details.",Not mentioned,Occasional,Occasional
Reddit,,,,,,,,
Google Play Store,,,,,,,,
Google Play Store,cnandan kuamr 💗❤️,,,,,,,
Google Play Store,nic,,,,,,,
Google Play Store,it is so easy to create videos with just a picture,,,,,,,
Google Play Store,Ok,,,,,,,
Google Play Store,Easy to operate,,,,,,,
Google Play Store,Éxcelleñt,,,,,,,
Google Play Store,vv good 👍😊,,,,,,,
Google Play Store,superb,,,,,,,
Google Play Store,Zulesulemana@,,,,,,,
Google Play Store,Kitna bhi purana photo Ho vah Gmail per mil jaega,,,,,,,
Google Play Store,EPINGLEE ESTRONG PINNED 📌 📍 📌 📍,,,,,,,
Google Play Store,just don't keep changing things,,,,,,,
Google Play Store,so great 👍,,,,,,,
Google Play Store,just second! i need to thank you for helping me these last 4 years! I greatly appreciate you a lot! you have no idea!!!,,,,,,,
Google Play Store,privacy,,,,,,,
Google Play Store,it's great,,,,,,,
Google Play Store,Good,,,,,,,
Google Play Store,sakill SAKill50000🥰,,,,,,,
Google Play Store,i want to grow my account,,,,,,,
Google Play Store,"it's a perfect photo app it has tons of helpful things for your photos, like Gemini AI, AI editing, folders, collections, collages, and more for your photos!",,,,,,,
Google Play Store,very good experience 👍 for this aap,,,,,,,
Google Play Store,My favourite,,,,,,,
Google Play Store,good app delete image recycle easy,,,,,,,
Google Play Store,juejje,,,,,,,
Google Play Store,"I tried it once, but amount that was granted to me wasn't enough to solve my financial problem.",,,,,,,
Google Play Store,excellent,,,,,,,
Google Play Store,ok,,,,,,,
Google Play Store,🫴🏻❤️‍🩹❤️‍🩹❤️‍🩹❤️‍🩹,,,,,,,
Google Play Store,good 😊,,,,,,,
Google Play Store,wow,,,,,,,
Google Play Store,yasaswi,,,,,,,
Google Play Store,excellent,,,,,,,
Google Play Store,the app does not download,,,,,,,
Google Play Store,nice spce,,,,,,,
Google Play Store,The Magic Eraser Feature Still Isn't Working In Pixel 6,,,,,,,
Google Play Store,ψ̷̨̢̡̧̢̡̨̨̡̢̨̨̢̢̨̛̛̛̜͔͚͖̱̤̼̣̞̘̜̰͓̟̤̟̹̹̬͕͔̱̩̱̟̘̹̗̼̰̻̹͎̙̗̝̯͖̝̜̲̖̠͈͖̘̺̮̮͚̳̪͎͖̫͈͙̪̰̰̜̲̮̖̮̹͇̲̞̺̞̲̯̫̠͖̝͎͍̘̠̹̬͚̣̫̫͉̲̺̤̤͍̠̖͍̼̲͍̗̹͓͔̼̺͕͖͕͍͖̜͖͖̻̦͍̳̦̩̥̪͚͈̫͖̳̲̥̥͍͙͉̰̯̣̖͇͈̭̺͓̦͍̗̥̥̗͙̻͖̣̰̗̙̻̤̘͍̮̪̩̫͙͖̲͔̠̮̭̭͓̘̼̬͈͓͙̺̝̲͍̳͖̬̮̼̦̖̗̩̭̳̯̜̳̅͑̿̓́̆͛͑̀͒̾̿́̄̔̀͆͜͜͜͜͜ͅ ̷̧̢̡̡̡̢̡̡̢̢̨̢̨̢̨̡̛̣̱̲̣͙̺͍̜͕͉͇͖͇̰͓̜̻̥͖̫̙̖͙͇̼̩̙̬̹͙͙͇͖͔̻͖̜̯̳̹̗̻̜̺͈̮̖̲̟̱̥̖̖̟̼̞̟͚̥͔͎͚͚̠͖͓̲̺̺̲͈͈̰͓̦̞̫̤͉͓͔̦̻̖̳͓͍͚͇̻̱̱̬̯̼̘̜̻̙͕͚͕͉̻̲̰̹̯͍̗̤̘̪͆̊͐̍̒͋͆̆͗͑̓͂̀́̇̊̔̓̈́̽̿͊̈́̾̈̓̂̉̊̈́͆̿͑́̓̂͑̂̂̃̈́̌̐͗͐̍̇͌̍͗̾͐̈̑̌̓̈̀̋͐̾̄͛͛̋̿́͊͂̅̓̅̾͂̌̽̋̍͒͆͊̈́̓̌̑̂͛̅͐̇̎́̀̿͛̄̔̒̌́͂̔̎̄͐̈́̾̕͘̕͘̚̕͘̕̕̚͜͝͠͝͝͝͝͝͝͝ͅͅ,,,,,,,
Google Play Store,vefy good,,,,,,,
Google Play Store,an excellent app for android users,,,,,,,
Google Play Store,orgasmic,,,,,,,
Google Play Store,"Why did you remove grid view?! There are so many things going wrong with this app in the last couple of years. 'Improvements' seem to cater to mindless users who want less choices. I'll be migrating my entire library and leaving gphotos at long last. Idk why I'm even leaving a review... like Google is gonna magically go, 'Wait! We care and will make it right immediately'. How far we have fallen from, ""Don't be evil"".",The user is trying to find older photos but is frustrated with the app's layout changes.,Endless scrolling and ineffective photo retrieval due to removal of grid view.,Not mentioned,"Exact date, specific photos, or events",Migrating entire library to another service,Occasional,Occasional
Google Play Store,backup photo,,,,,,,
Google Play Store,good ❤️,,,,,,,
Google Play Store,ok,,,,,,,
Google Play Store,best gallry,,,,,,,
Google Play Store,good,,,,,,,
Google Play Store,the app is nice but I can't watch my old picture and video without data,Attempting to view older pictures and videos,Inability to access photos and videos due to data constraints,Not mentioned,Not mentioned,Not mentioned,Occasional,Occasional
Google Play Store,Awesome 👍,,,,,,,
Google Play Store,ok,,,,,,,
Google Play Store,"The widget has no album option. it kind of feels like a major oversight because it seems like the most obvious option, but for some reason you're not really given any control of the photos that go up other than faces and moments. Both of those you don't really have the most control over and are curated for you. It's also strange because they don't even have the second obvious one, Favorites.",User was trying to find or control the display of specific photos or albums.,Lack of control over photo organization and retrieval options.,Not mentioned,Exact albums or favorites not specified.,Not mentioned,Occasional,Occasional
Google Play Store,satisfied 😌,,,,,,,
Google Play Store,super,,,,,,,
Google Play Store,what's your problem,,,,,,,
Google Play Store,bhut hee badiya app h aap exact time ⌚ pr old memories dikhata h 👍👍👍,,,,,,,
Google Play Store,good,,,,,,,
Google Play Store,"all Ai features are missing on Motorola Razr Fold, no eraser etc nothing, even though I have a Google One subscription (soon to be cancelled now ) edit: I have over 300Gb of free space on my device",,,,,,,
Google Play Store,yes very warmer. is good,,,,,,,
Google Play Store,i really appreciate,,,,,,,
Google Play Store,no one people not shown,,,,,,,
Google Play Store,#THEBEASTSYSTEM #LUCIFERTHEDEVILGOD #allisgoingtToHELLS 👿 Google its terrorists are going to PAY FOREVER IN HELLS ONLY 🔥🔥🔥 after 2026 Google will be banned 😈 HAIL LUCIFER,,,,,,,
Google Play Store,superb,,,,,,,
Google Play Store,Awsome,,,,,,,
Google Play Store,This is osm,,,,,,,
Google Play Store,The app is absolutely good,,,,,,,
Google Play Store,ok hai darling,,,,,,,
Google Play Store,Alal Khan Ayaan,,,,,,,
Google Play Store,so far so good no complaints,,,,,,,
Google Play Store,I can't seem to find all my photos,The user is trying to locate old photos.,Inability to retrieve specific photos from previous months or years.,Not mentioned,Exact dates or specific details about the photos.,Not mentioned,Occasional,Occasional
Google Play Store,👌,,,,,,,
Google Play Store,very grit😘😘,,,,,,,
Google Play Store,amazing,,,,,,,
Google Play Store,good,,,,,,,
Google Play Store,Exclusive,,,,,,,
Google Play Store,The latest update is horrible. Photos used to have the most amazing AI search. The search in this version is HORRIBLE. You keep becoming more like Apple and iPhone every day,Trying to retrieve older photos.,Ineffective search algorithm.,Not mentioned,Specific older photos or memories,Not mentioned,Not mentioned,Not mentioned
Google Play Store,nice,,,,,,,
Google Play Store,good nice very well,,,,,,,
Google Play Store,bad,,,,,,,
Google Play Store,purani yadein taja ho jati hai,,,,,,,
Google Play Store,I'm fine with it,,,,,,,
Google Play Store,KINDLY TAKE OFF : SAVE COPY. It's cluttering and placing pics in the beginning. I need easy organization to be able to go back to finding and making videos. Thank you,User is trying to organize photos for easier access and to create videos.,Excessive or exhausting manual scrolling through the main timeline or clutter.,Not mentioned,Not mentioned,Not mentioned,Occasional,Occasional
Google Play Store,nice,,,,,,,
Google Play Store,wow,,,,,,,
Google Play Store,I am very satisfied with this application.,,,,,,,
Google Play Store,Dropped 2 stars just cuz of the disappearance of drag to select feature,,,,,,,
Google Play Store,Nice,,,,,,,
Google Play Store,it's really great I use all time,,,,,,,
Google Play Store,good,,,,,,,
Google Play Store,ভেরি নাইন,,,,,,,
Google Play Store,awesome,,,,,,,
Google Play Store,good 😊👍,,,,,,,
Google Play Store,good,,,,,,,
Google Play Store,"The best - if only if didn't keep bringing up that damn ""Review out-of-sync changes"" message all the time, made worse by then taking forever to process!",User is attempting to retrieve or review older photos and memories.,Constant interruptions by an error message during the retrieval process.,Not mentioned,Not mentioned,Not mentioned,Occasional,Occasional
Google Play Store,good,,,,,,,
Google Play Store,this is a most likely,,,,,,,
Google Play Store,pocoyo season 6,,,,,,,
Google Play Store,stunning,,,,,,,
Google Play Store,"Latest update applied (9/17/2026) has corrupted my SD card in my Android phone. All was working fine until the update was installed today. Opening Google Photos caused my SD card images to be resorted, then disappeared, and apparently unmounted the SD card. Both Android & Google Photos want to format the SD card when the ""fix"" prompt is clicked. Avoid the update until the bug is corrected in the next build release.",User was trying to access images stored on their SD card in Google Photos.,SD card corruption leading to inability to access or retrieve photos.,Not mentioned,Specific files or images on the SD card.,Avoid the update until the bug is corrected.,One-off,One-off
Google Play Store,Very good 😊,,,,,,,
Google Play Store,nice,,,,,,,
Google Play Store,amazing,,,,,,,
Google Play Store,Magic eraser stopped working across all my devices: the other day it would erase but then was 'unable to save changes' and today it just spreads the whole picture out into a wide screen squashed format!!!!!,,,,,,,